Using pre-set license
Built from '2022.3/respin/2022.3.62f2-4af31df585-v2' branch; Version is '2022.3.62f3 (96770f904ca7) revision 9860879'; Using compiler version '192829333'; Build Type 'Release'
OS: 'Windows 11  (10.0.26200) 64bit CoreSingleLanguage' Language: 'en' Physical Memory: 16091 MB
BatchMode: 1, IsHumanControllingUs: 0, StartBugReporterOnCrash: 0, Is64bit: 1, IsPro: 1

COMMAND LINE ARGUMENTS:
C:\Program Files\Unity\Hub\Editor\2022.3.62f3\Editor\Unity.exe
-adb2
-batchMode
-noUpm
-name
AssetImportWorker0
-projectPath
C:/Users/Rangga Prasetya/UnityProjects/ForestOptimizationDemo
-logFile
Logs/AssetImportWorker0.log
-srvPort
60886
Successfully changed project path to: C:/Users/Rangga Prasetya/UnityProjects/ForestOptimizationDemo
C:/Users/Rangga Prasetya/UnityProjects/ForestOptimizationDemo
[UnityMemory] Configuration Parameters - Can be set up in boot.config
    "memorysetup-bucket-allocator-granularity=16"
    "memorysetup-bucket-allocator-bucket-count=8"
    "memorysetup-bucket-allocator-block-size=33554432"
    "memorysetup-bucket-allocator-block-count=8"
    "memorysetup-main-allocator-block-size=16777216"
    "memorysetup-thread-allocator-block-size=16777216"
    "memorysetup-gfx-main-allocator-block-size=16777216"
    "memorysetup-gfx-thread-allocator-block-size=16777216"
    "memorysetup-cache-allocator-block-size=4194304"
    "memorysetup-typetree-allocator-block-size=2097152"
    "memorysetup-profiler-bucket-allocator-granularity=16"
    "memorysetup-profiler-bucket-allocator-bucket-count=8"
    "memorysetup-profiler-bucket-allocator-block-size=33554432"
    "memorysetup-profiler-bucket-allocator-block-count=8"
    "memorysetup-profiler-allocator-block-size=16777216"
    "memorysetup-profiler-editor-allocator-block-size=1048576"
    "memorysetup-temp-allocator-size-main=16777216"
    "memorysetup-job-temp-allocator-block-size=2097152"
    "memorysetup-job-temp-allocator-block-size-background=1048576"
    "memorysetup-job-temp-allocator-reduction-small-platforms=262144"
    "memorysetup-allocator-temp-initial-block-size-main=262144"
    "memorysetup-allocator-temp-initial-block-size-worker=262144"
    "memorysetup-temp-allocator-size-background-worker=32768"
    "memorysetup-temp-allocator-size-job-worker=262144"
    "memorysetup-temp-allocator-size-preload-manager=33554432"
    "memorysetup-temp-allocator-size-nav-mesh-worker=65536"
    "memorysetup-temp-allocator-size-audio-worker=65536"
    "memorysetup-temp-allocator-size-cloud-worker=32768"
    "memorysetup-temp-allocator-size-gi-baking-worker=262144"
    "memorysetup-temp-allocator-size-gfx=262144"
Player connection [11104]  Target information:

Player connection [11104]  * "[IP] 192.168.1.4 [Port] 0 [Flags] 2 [Guid] 4057943708 [EditorId] 4057943708 [Version] 1048832 [Id] WindowsEditor(7,LAPTOP-2FV0O9VK) [Debug] 1 [PackageName] WindowsEditor [ProjectName] Editor" 

Player connection [11104] Host joined multi-casting on [225.0.0.222:54997]...
Player connection [11104] Host joined alternative multi-casting on [225.0.0.222:34997]...
Input System module state changed to: Initialized.
[PhysX] Initialized MultithreadedTaskDispatcher with 16 workers.
Refreshing native plugins compatible for Editor in 10.07 ms, found 4 plugins.
Preloading 0 native plugins for Editor in 0.00 ms.
Initialize engine version: 2022.3.62f3 (96770f904ca7)
[Subsystems] Discovering subsystems at path C:/Program Files/Unity/Hub/Editor/2022.3.62f3/Editor/Data/Resources/UnitySubsystems
[Subsystems] Discovering subsystems at path C:/Users/Rangga Prasetya/UnityProjects/ForestOptimizationDemo/Assets
GfxDevice: creating device client; threaded=0; jobified=0
Direct3D:
    Version:  Direct3D 11.0 [level 11.1]
    Renderer: NVIDIA GeForce RTX 5050 Laptop GPU (ID=0x2dd8)
    Vendor:   NVIDIA
    VRAM:     7822 MB
    Driver:   32.0.15.8195
Initialize mono
Mono path[0] = 'C:/Program Files/Unity/Hub/Editor/2022.3.62f3/Editor/Data/Managed'
Mono path[1] = 'C:/Program Files/Unity/Hub/Editor/2022.3.62f3/Editor/Data/MonoBleedingEdge/lib/mono/unityjit-win32'
Mono config path = 'C:/Program Files/Unity/Hub/Editor/2022.3.62f3/Editor/Data/MonoBleedingEdge/etc'
Using monoOptions --debugger-agent=transport=dt_socket,embedding=1,server=y,suspend=n,address=127.0.0.1:56188
Begin MonoManager ReloadAssembly
Registering precompiled unity dll's ...
Register platform support module: C:/Program Files/Unity/Hub/Editor/2022.3.62f3/Editor/Data/PlaybackEngines/WebGLSupport/UnityEditor.WebGL.Extensions.dll
Register platform support module: C:/Program Files/Unity/Hub/Editor/2022.3.62f3/Editor/Data/PlaybackEngines/WindowsStandaloneSupport/UnityEditor.WindowsStandalone.Extensions.dll
Registered in 0.004946 seconds.
- Loaded All Assemblies, in  0.266 seconds
Native extension for WindowsStandalone target not found
Native extension for WebGL target not found
Mono: successfully reloaded assembly
- Finished resetting the current domain, in  0.197 seconds
Domain Reload Profiling: 462ms
	BeginReloadAssembly (84ms)
		ExecutionOrderSort (0ms)
		DisableScriptedObjects (0ms)
		BackupInstance (0ms)
		ReleaseScriptingObjects (0ms)
		CreateAndSetChildDomain (1ms)
	RebuildCommonClasses (27ms)
	RebuildNativeTypeToScriptingClass (7ms)
	initialDomainReloadingComplete (42ms)
	LoadAllAssembliesAndSetupDomain (105ms)
		LoadAssemblies (83ms)
		RebuildTransferFunctionScriptingTraits (0ms)
		AnalyzeDomain (103ms)
			TypeCache.Refresh (102ms)
				TypeCache.ScanAssembly (92ms)
			ScanForSourceGeneratedMonoScriptInfo (0ms)
			ResolveRequiredComponents (0ms)
	FinalizeReload (197ms)
		ReleaseScriptCaches (0ms)
		RebuildScriptCaches (0ms)
		SetupLoadedEditorAssemblies (162ms)
			LogAssemblyErrors (0ms)
			InitializePlatformSupportModulesInManaged (8ms)
			SetLoadedEditorAssemblies (5ms)
			RefreshPlugins (0ms)
			BeforeProcessingInitializeOnLoad (2ms)
			ProcessInitializeOnLoadAttributes (112ms)
			ProcessInitializeOnLoadMethodAttributes (36ms)
			AfterProcessingInitializeOnLoad (0ms)
			EditorAssembliesLoaded (0ms)
		ExecutionOrderSort2 (0ms)
		AwakeInstancesAfterBackupRestoration (0ms)
========================================================================
Worker process is ready to serve import requests
Caller must complete domain reload
Begin MonoManager ReloadAssembly
- Loaded All Assemblies, in  0.563 seconds
Native extension for WindowsStandalone target not found
Native extension for WebGL target not found
Mono: successfully reloaded assembly
- Finished resetting the current domain, in  0.441 seconds
Domain Reload Profiling: 1002ms
	BeginReloadAssembly (110ms)
		ExecutionOrderSort (0ms)
		DisableScriptedObjects (3ms)
		BackupInstance (0ms)
		ReleaseScriptingObjects (0ms)
		CreateAndSetChildDomain (15ms)
	RebuildCommonClasses (25ms)
	RebuildNativeTypeToScriptingClass (7ms)
	initialDomainReloadingComplete (32ms)
	LoadAllAssembliesAndSetupDomain (388ms)
		LoadAssemblies (309ms)
		RebuildTransferFunctionScriptingTraits (0ms)
		AnalyzeDomain (147ms)
			TypeCache.Refresh (130ms)
				TypeCache.ScanAssembly (117ms)
			ScanForSourceGeneratedMonoScriptInfo (12ms)
			ResolveRequiredComponents (3ms)
	FinalizeReload (441ms)
		ReleaseScriptCaches (0ms)
		RebuildScriptCaches (0ms)
		SetupLoadedEditorAssemblies (340ms)
			LogAssemblyErrors (0ms)
			InitializePlatformSupportModulesInManaged (5ms)
			SetLoadedEditorAssemblies (3ms)
			RefreshPlugins (0ms)
			BeforeProcessingInitializeOnLoad (42ms)
			ProcessInitializeOnLoadAttributes (270ms)
			ProcessInitializeOnLoadMethodAttributes (16ms)
			AfterProcessingInitializeOnLoad (4ms)
			EditorAssembliesLoaded (0ms)
		ExecutionOrderSort2 (0ms)
		AwakeInstancesAfterBackupRestoration (5ms)
Launched and connected shader compiler UnityShaderCompiler.exe after 0.06 seconds
Refreshing native plugins compatible for Editor in 5.80 ms, found 4 plugins.
Preloading 0 native plugins for Editor in 0.00 ms.
Unloading 3950 Unused Serialized files (Serialized files now loaded: 0)
Unloading 27 unused Assets / (57.1 KB). Loaded Objects now: 4418.
Memory consumption went from 139.1 MB to 139.0 MB.
Total: 2.882400 ms (FindLiveObjects: 0.182600 ms CreateObjectMapping: 0.068500 ms MarkObjects: 2.552300 ms  DeleteObjects: 0.077800 ms)

AssetImportParameters requested are different than current active one (requested -> active):
  custom:container-demuxer-ogg: 62fdf1f143b41e24485cea50d1cbac27 -> 
  custom:video-codec-MediaFoundation-h265: 746d11721c4dcdbdad8f713fa42b33f4 -> 
  custom:video-decoder-ogg-theora: a1e56fd34408186e4bbccfd4996cb3dc -> 
  custom:framework-win-MediaFoundation: 216162199b28c13a410421893ffa2e32 -> 
  custom:CustomObjectIndexerAttribute: 9a22284fe3817be447336de3de66b15e -> 
  custom:container-demuxer-webm: 4f35f7cbe854078d1ac9338744f61a02 -> 
  custom:container-muxer-webm: aa71ff27fc2769a1b78a27578f13a17b -> 
  custom:video-decoder-webm-vp8: 9c59270c3fd7afecdb556c50c9e8de78 -> 
  custom:SearchIndexIgnoredProperties: e643bd26f0fe6173181afceb89e7c659 -> 
  custom:AudioImporter_EditorPlatform: d09bf68614088b80899f8185d706f6e7 -> 
  custom:video-encoder-webm-vp8: eb34c28f22e8b96e1ab97ce403110664 -> 
  custom:audio-decoder-ogg-vorbis: bf7c407c2cedff20999df2af8eb42d56 -> 
  custom:audio-encoder-webm-vorbis: bf7c407c2cedff20999df2af8eb42d56 -> 
========================================================================
Received Import Request.
  Time since last request: 82860.753048 seconds.
  path: Assets/Scripts/SceneSwitcher.cs
  artifactKey: Guid(a60d679973e19af4c893586b832c437f) Importer(815301076,1909f56bfc062723c751e8b465ee728b)
Start importing Assets/Scripts/SceneSwitcher.cs using Guid(a60d679973e19af4c893586b832c437f) Importer(815301076,1909f56bfc062723c751e8b465ee728b) [PhysX] Initialized MultithreadedTaskDispatcher with 16 workers.
 -> (artifact id: '7105d765edca7a041d0f0bb98038f575') in 0.003211 seconds
Number of updated asset objects reloaded before import = 0
Number of asset objects unloaded after import = 0
========================================================================
Received Prepare
Caller must complete domain reload
Begin MonoManager ReloadAssembly
- Loaded All Assemblies, in  0.374 seconds
Native extension for WindowsStandalone target not found
Native extension for WebGL target not found
Mono: successfully reloaded assembly
- Finished resetting the current domain, in  2.850 seconds
Domain Reload Profiling: 3224ms
	BeginReloadAssembly (120ms)
		ExecutionOrderSort (0ms)
		DisableScriptedObjects (3ms)
		BackupInstance (0ms)
		ReleaseScriptingObjects (0ms)
		CreateAndSetChildDomain (28ms)
	RebuildCommonClasses (23ms)
	RebuildNativeTypeToScriptingClass (7ms)
	initialDomainReloadingComplete (20ms)
	LoadAllAssembliesAndSetupDomain (202ms)
		LoadAssemblies (240ms)
		RebuildTransferFunctionScriptingTraits (0ms)
		AnalyzeDomain (25ms)
			TypeCache.Refresh (9ms)
				TypeCache.ScanAssembly (0ms)
			ScanForSourceGeneratedMonoScriptInfo (10ms)
			ResolveRequiredComponents (4ms)
	FinalizeReload (2851ms)
		ReleaseScriptCaches (0ms)
		RebuildScriptCaches (0ms)
		SetupLoadedEditorAssemblies (1632ms)
			LogAssemblyErrors (0ms)
			InitializePlatformSupportModulesInManaged (31ms)
			SetLoadedEditorAssemblies (14ms)
			RefreshPlugins (0ms)
			BeforeProcessingInitializeOnLoad (242ms)
			ProcessInitializeOnLoadAttributes (1246ms)
			ProcessInitializeOnLoadMethodAttributes (67ms)
			AfterProcessingInitializeOnLoad (31ms)
			EditorAssembliesLoaded (0ms)
		ExecutionOrderSort2 (0ms)
		AwakeInstancesAfterBackupRestoration (27ms)
Refreshing native plugins compatible for Editor in 28.94 ms, found 4 plugins.
Preloading 0 native plugins for Editor in 0.00 ms.
Unloading 3942 Unused Serialized files (Serialized files now loaded: 0)
Unloading 20 unused Assets / (31.0 KB). Loaded Objects now: 4423.
Memory consumption went from 137.4 MB to 137.4 MB.
Total: 10.392400 ms (FindLiveObjects: 0.636100 ms CreateObjectMapping: 0.336300 ms MarkObjects: 9.260600 ms  DeleteObjects: 0.156900 ms)

Prepare: number of updated asset objects reloaded= 0
AssetImportParameters requested are different than current active one (requested -> active):
  custom:container-demuxer-ogg: 62fdf1f143b41e24485cea50d1cbac27 -> 
  custom:video-codec-MediaFoundation-h265: 746d11721c4dcdbdad8f713fa42b33f4 -> 
  custom:video-decoder-ogg-theora: a1e56fd34408186e4bbccfd4996cb3dc -> 
  custom:framework-win-MediaFoundation: 216162199b28c13a410421893ffa2e32 -> 
  custom:CustomObjectIndexerAttribute: 9a22284fe3817be447336de3de66b15e -> 
  custom:container-demuxer-webm: 4f35f7cbe854078d1ac9338744f61a02 -> 
  custom:container-muxer-webm: aa71ff27fc2769a1b78a27578f13a17b -> 
  custom:video-decoder-webm-vp8: 9c59270c3fd7afecdb556c50c9e8de78 -> 
  custom:SearchIndexIgnoredProperties: e643bd26f0fe6173181afceb89e7c659 -> 
  custom:AudioImporter_EditorPlatform: d09bf68614088b80899f8185d706f6e7 -> 
  custom:video-encoder-webm-vp8: eb34c28f22e8b96e1ab97ce403110664 -> 
  custom:audio-decoder-ogg-vorbis: bf7c407c2cedff20999df2af8eb42d56 -> 
  custom:scripting/monoscript/fileName/SceneSwitcher.cs: 82650212eef756784afd1b30cb6bafc7 -> 
  custom:audio-encoder-webm-vorbis: bf7c407c2cedff20999df2af8eb42d56 -> 
  custom:scripting/precompiled-assembly-types:Assembly-CSharp: 8304422cd185ce6fbc6463721112e5c8 -> 89e4d1232902841028940258bee8100a
========================================================================
Received Import Request.
  Time since last request: 9.134362 seconds.
  path: Assets/Scripts/SceneSwitcher.cs
  artifactKey: Guid(a60d679973e19af4c893586b832c437f) Importer(815301076,1909f56bfc062723c751e8b465ee728b)
Start importing Assets/Scripts/SceneSwitcher.cs using Guid(a60d679973e19af4c893586b832c437f) Importer(815301076,1909f56bfc062723c751e8b465ee728b) [PhysX] Initialized MultithreadedTaskDispatcher with 16 workers.
 -> (artifact id: '56c0b1a5700c7d4167a5c694ec2cec71') in 0.005971 seconds
Number of updated asset objects reloaded before import = 0
Number of asset objects unloaded after import = 0
========================================================================
Received Prepare
Caller must complete domain reload
Begin MonoManager ReloadAssembly
- Loaded All Assemblies, in  0.357 seconds
Native extension for WindowsStandalone target not found
Native extension for WebGL target not found
Mono: successfully reloaded assembly
- Finished resetting the current domain, in  0.746 seconds
Domain Reload Profiling: 1102ms
	BeginReloadAssembly (115ms)
		ExecutionOrderSort (0ms)
		DisableScriptedObjects (3ms)
		BackupInstance (0ms)
		ReleaseScriptingObjects (0ms)
		CreateAndSetChildDomain (23ms)
	RebuildCommonClasses (23ms)
	RebuildNativeTypeToScriptingClass (7ms)
	initialDomainReloadingComplete (20ms)
	LoadAllAssembliesAndSetupDomain (191ms)
		LoadAssemblies (230ms)
		RebuildTransferFunctionScriptingTraits (0ms)
		AnalyzeDomain (24ms)
			TypeCache.Refresh (9ms)
				TypeCache.ScanAssembly (0ms)
			ScanForSourceGeneratedMonoScriptInfo (9ms)
			ResolveRequiredComponents (3ms)
	FinalizeReload (746ms)
		ReleaseScriptCaches (0ms)
		RebuildScriptCaches (0ms)
		SetupLoadedEditorAssemblies (335ms)
			LogAssemblyErrors (0ms)
			InitializePlatformSupportModulesInManaged (6ms)
			SetLoadedEditorAssemblies (3ms)
			RefreshPlugins (0ms)
			BeforeProcessingInitializeOnLoad (50ms)
			ProcessInitializeOnLoadAttributes (257ms)
			ProcessInitializeOnLoadMethodAttributes (15ms)
			AfterProcessingInitializeOnLoad (3ms)
			EditorAssembliesLoaded (0ms)
		ExecutionOrderSort2 (0ms)
		AwakeInstancesAfterBackupRestoration (5ms)
Refreshing native plugins compatible for Editor in 3.58 ms, found 4 plugins.
Preloading 0 native plugins for Editor in 0.00 ms.
Unloading 3942 Unused Serialized files (Serialized files now loaded: 0)
Unloading 20 unused Assets / (31.1 KB). Loaded Objects now: 4427.
Memory consumption went from 137.4 MB to 137.4 MB.
Total: 2.876900 ms (FindLiveObjects: 0.212400 ms CreateObjectMapping: 0.086600 ms MarkObjects: 2.526600 ms  DeleteObjects: 0.050100 ms)

Prepare: number of updated asset objects reloaded= 0
AssetImportParameters requested are different than current active one (requested -> active):
  custom:container-demuxer-ogg: 62fdf1f143b41e24485cea50d1cbac27 -> 
  custom:video-codec-MediaFoundation-h265: 746d11721c4dcdbdad8f713fa42b33f4 -> 
  custom:video-decoder-ogg-theora: a1e56fd34408186e4bbccfd4996cb3dc -> 
  custom:framework-win-MediaFoundation: 216162199b28c13a410421893ffa2e32 -> 
  custom:CustomObjectIndexerAttribute: 9a22284fe3817be447336de3de66b15e -> 
  custom:container-demuxer-webm: 4f35f7cbe854078d1ac9338744f61a02 -> 
  custom:container-muxer-webm: aa71ff27fc2769a1b78a27578f13a17b -> 
  custom:video-decoder-webm-vp8: 9c59270c3fd7afecdb556c50c9e8de78 -> 
  custom:SearchIndexIgnoredProperties: e643bd26f0fe6173181afceb89e7c659 -> 
  custom:AudioImporter_EditorPlatform: d09bf68614088b80899f8185d706f6e7 -> 
  custom:video-encoder-webm-vp8: eb34c28f22e8b96e1ab97ce403110664 -> 
  custom:audio-decoder-ogg-vorbis: bf7c407c2cedff20999df2af8eb42d56 -> 
  custom:scripting/monoscript/fileName/SceneSwitcher.cs: 82650212eef756784afd1b30cb6bafc7 -> 
  custom:audio-encoder-webm-vorbis: bf7c407c2cedff20999df2af8eb42d56 -> 
  custom:scripting/precompiled-assembly-types:Assembly-CSharp: 8304422cd185ce6fbc6463721112e5c8 -> 89e4d1232902841028940258bee8100a
========================================================================
Received Import Request.
  Time since last request: 111.263116 seconds.
  path: Assets/Scenes/Scene_BeforeOptimization.unity
  artifactKey: Guid(7d9ca3b1642fc2940a5eda63b7c8c91d) Importer(815301076,1909f56bfc062723c751e8b465ee728b)
Start importing Assets/Scenes/Scene_BeforeOptimization.unity using Guid(7d9ca3b1642fc2940a5eda63b7c8c91d) Importer(815301076,1909f56bfc062723c751e8b465ee728b) [PhysX] Initialized MultithreadedTaskDispatcher with 16 workers.
 -> (artifact id: 'e4e45f2882293bf309b6585629ea3457') in 0.002214 seconds
Number of updated asset objects reloaded before import = 0
Number of asset objects unloaded after import = 0
========================================================================
Received Import Request.
  Time since last request: 307.376163 seconds.
  path: Assets/Scenes/Scene_AfterOptimization.unity
  artifactKey: Guid(6b570447b70b6174d956f0eb505cd20d) Importer(815301076,1909f56bfc062723c751e8b465ee728b)
Start importing Assets/Scenes/Scene_AfterOptimization.unity using Guid(6b570447b70b6174d956f0eb505cd20d) Importer(815301076,1909f56bfc062723c751e8b465ee728b) [PhysX] Initialized MultithreadedTaskDispatcher with 16 workers.
 -> (artifact id: '2cf9919a23f462815529fd22865cafe2') in 0.001019 seconds
Number of updated asset objects reloaded before import = 0
Number of asset objects unloaded after import = 0
========================================================================
Received Prepare
Caller must complete domain reload
Begin MonoManager ReloadAssembly
- Loaded All Assemblies, in  0.356 seconds
Native extension for WindowsStandalone target not found
Native extension for WebGL target not found
Mono: successfully reloaded assembly
- Finished resetting the current domain, in  0.704 seconds
Domain Reload Profiling: 1059ms
	BeginReloadAssembly (118ms)
		ExecutionOrderSort (0ms)
		DisableScriptedObjects (3ms)
		BackupInstance (0ms)
		ReleaseScriptingObjects (0ms)
		CreateAndSetChildDomain (25ms)
	RebuildCommonClasses (21ms)
	RebuildNativeTypeToScriptingClass (7ms)
	initialDomainReloadingComplete (20ms)
	LoadAllAssembliesAndSetupDomain (188ms)
		LoadAssemblies (241ms)
		RebuildTransferFunctionScriptingTraits (0ms)
		AnalyzeDomain (12ms)
			TypeCache.Refresh (6ms)
				TypeCache.ScanAssembly (0ms)
			ScanForSourceGeneratedMonoScriptInfo (0ms)
			ResolveRequiredComponents (4ms)
	FinalizeReload (705ms)
		ReleaseScriptCaches (0ms)
		RebuildScriptCaches (0ms)
		SetupLoadedEditorAssemblies (365ms)
			LogAssemblyErrors (0ms)
			InitializePlatformSupportModulesInManaged (5ms)
			SetLoadedEditorAssemblies (2ms)
			RefreshPlugins (0ms)
			BeforeProcessingInitializeOnLoad (44ms)
			ProcessInitializeOnLoadAttributes (288ms)
			ProcessInitializeOnLoadMethodAttributes (20ms)
			AfterProcessingInitializeOnLoad (5ms)
			EditorAssembliesLoaded (0ms)
		ExecutionOrderSort2 (0ms)
		AwakeInstancesAfterBackupRestoration (6ms)
Refreshing native plugins compatible for Editor in 4.12 ms, found 4 plugins.
Preloading 0 native plugins for Editor in 0.00 ms.
Unloading 3942 Unused Serialized files (Serialized files now loaded: 0)
Unloading 20 unused Assets / (31.1 KB). Loaded Objects now: 4431.
Memory consumption went from 137.5 MB to 137.4 MB.
Total: 2.560600 ms (FindLiveObjects: 0.197600 ms CreateObjectMapping: 0.071300 ms MarkObjects: 2.242000 ms  DeleteObjects: 0.048400 ms)

Prepare: number of updated asset objects reloaded= 0
AssetImportParameters requested are different than current active one (requested -> active):
  custom:container-demuxer-ogg: 62fdf1f143b41e24485cea50d1cbac27 -> 
  custom:video-codec-MediaFoundation-h265: 746d11721c4dcdbdad8f713fa42b33f4 -> 
  custom:video-decoder-ogg-theora: a1e56fd34408186e4bbccfd4996cb3dc -> 
  custom:framework-win-MediaFoundation: 216162199b28c13a410421893ffa2e32 -> 
  custom:CustomObjectIndexerAttribute: 9a22284fe3817be447336de3de66b15e -> 
  custom:container-demuxer-webm: 4f35f7cbe854078d1ac9338744f61a02 -> 
  custom:container-muxer-webm: aa71ff27fc2769a1b78a27578f13a17b -> 
  custom:video-decoder-webm-vp8: 9c59270c3fd7afecdb556c50c9e8de78 -> 
  custom:SearchIndexIgnoredProperties: e643bd26f0fe6173181afceb89e7c659 -> 
  custom:AudioImporter_EditorPlatform: d09bf68614088b80899f8185d706f6e7 -> 
  custom:video-encoder-webm-vp8: eb34c28f22e8b96e1ab97ce403110664 -> 
  custom:audio-decoder-ogg-vorbis: bf7c407c2cedff20999df2af8eb42d56 -> 
  custom:scripting/monoscript/fileName/SceneSwitcher.cs: 82650212eef756784afd1b30cb6bafc7 -> 
  custom:audio-encoder-webm-vorbis: bf7c407c2cedff20999df2af8eb42d56 -> 
  custom:scripting/precompiled-assembly-types:Assembly-CSharp: 8304422cd185ce6fbc6463721112e5c8 -> 89e4d1232902841028940258bee8100a
========================================================================
Received Prepare
Caller must complete domain reload
Begin MonoManager ReloadAssembly
- Loaded All Assemblies, in  0.346 seconds
Native extension for WindowsStandalone target not found
Native extension for WebGL target not found
Mono: successfully reloaded assembly
- Finished resetting the current domain, in  0.738 seconds
Domain Reload Profiling: 1083ms
	BeginReloadAssembly (115ms)
		ExecutionOrderSort (0ms)
		DisableScriptedObjects (3ms)
		BackupInstance (0ms)
		ReleaseScriptingObjects (0ms)
		CreateAndSetChildDomain (24ms)
	RebuildCommonClasses (23ms)
	RebuildNativeTypeToScriptingClass (7ms)
	initialDomainReloadingComplete (20ms)
	LoadAllAssembliesAndSetupDomain (180ms)
		LoadAssemblies (228ms)
		RebuildTransferFunctionScriptingTraits (0ms)
		AnalyzeDomain (12ms)
			TypeCache.Refresh (6ms)
				TypeCache.ScanAssembly (0ms)
			ScanForSourceGeneratedMonoScriptInfo (0ms)
			ResolveRequiredComponents (4ms)
	FinalizeReload (738ms)
		ReleaseScriptCaches (0ms)
		RebuildScriptCaches (0ms)
		SetupLoadedEditorAssemblies (375ms)
			LogAssemblyErrors (0ms)
			InitializePlatformSupportModulesInManaged (7ms)
			SetLoadedEditorAssemblies (3ms)
			RefreshPlugins (0ms)
			BeforeProcessingInitializeOnLoad (52ms)
			ProcessInitializeOnLoadAttributes (289ms)
			ProcessInitializeOnLoadMethodAttributes (18ms)
			AfterProcessingInitializeOnLoad (5ms)
			EditorAssembliesLoaded (0ms)
		ExecutionOrderSort2 (0ms)
		AwakeInstancesAfterBackupRestoration (6ms)
Refreshing native plugins compatible for Editor in 3.52 ms, found 4 plugins.
Preloading 0 native plugins for Editor in 0.00 ms.
Unloading 3943 Unused Serialized files (Serialized files now loaded: 0)
Unloading 20 unused Assets / (31.1 KB). Loaded Objects now: 4435.
Memory consumption went from 137.7 MB to 137.7 MB.
Total: 2.639000 ms (FindLiveObjects: 0.189200 ms CreateObjectMapping: 0.079600 ms MarkObjects: 2.325800 ms  DeleteObjects: 0.043400 ms)

Prepare: number of updated asset objects reloaded= 0
AssetImportParameters requested are different than current active one (requested -> active):
  custom:container-demuxer-ogg: 62fdf1f143b41e24485cea50d1cbac27 -> 
  custom:video-codec-MediaFoundation-h265: 746d11721c4dcdbdad8f713fa42b33f4 -> 
  custom:video-decoder-ogg-theora: a1e56fd34408186e4bbccfd4996cb3dc -> 
  custom:framework-win-MediaFoundation: 216162199b28c13a410421893ffa2e32 -> 
  custom:CustomObjectIndexerAttribute: 9a22284fe3817be447336de3de66b15e -> 
  custom:container-demuxer-webm: 4f35f7cbe854078d1ac9338744f61a02 -> 
  custom:container-muxer-webm: aa71ff27fc2769a1b78a27578f13a17b -> 
  custom:video-decoder-webm-vp8: 9c59270c3fd7afecdb556c50c9e8de78 -> 
  custom:SearchIndexIgnoredProperties: e643bd26f0fe6173181afceb89e7c659 -> 
  custom:AudioImporter_EditorPlatform: d09bf68614088b80899f8185d706f6e7 -> 
  custom:video-encoder-webm-vp8: eb34c28f22e8b96e1ab97ce403110664 -> 
  custom:audio-decoder-ogg-vorbis: bf7c407c2cedff20999df2af8eb42d56 -> 
  custom:scripting/monoscript/fileName/SceneSwitcher.cs: 82650212eef756784afd1b30cb6bafc7 -> 
  custom:audio-encoder-webm-vorbis: bf7c407c2cedff20999df2af8eb42d56 -> 
  custom:scripting/precompiled-assembly-types:Assembly-CSharp: 8304422cd185ce6fbc6463721112e5c8 -> 89e4d1232902841028940258bee8100a
========================================================================
Received Prepare
Caller must complete domain reload
Begin MonoManager ReloadAssembly
- Loaded All Assemblies, in  0.345 seconds
Native extension for WindowsStandalone target not found
Native extension for WebGL target not found
Mono: successfully reloaded assembly
- Finished resetting the current domain, in  0.779 seconds
Domain Reload Profiling: 1123ms
	BeginReloadAssembly (114ms)
		ExecutionOrderSort (0ms)
		DisableScriptedObjects (6ms)
		BackupInstance (0ms)
		ReleaseScriptingObjects (0ms)
		CreateAndSetChildDomain (22ms)
	RebuildCommonClasses (23ms)
	RebuildNativeTypeToScriptingClass (7ms)
	initialDomainReloadingComplete (21ms)
	LoadAllAssembliesAndSetupDomain (179ms)
		LoadAssemblies (227ms)
		RebuildTransferFunctionScriptingTraits (0ms)
		AnalyzeDomain (12ms)
			TypeCache.Refresh (5ms)
				TypeCache.ScanAssembly (0ms)
			ScanForSourceGeneratedMonoScriptInfo (0ms)
			ResolveRequiredComponents (4ms)
	FinalizeReload (780ms)
		ReleaseScriptCaches (0ms)
		RebuildScriptCaches (0ms)
		SetupLoadedEditorAssemblies (370ms)
			LogAssemblyErrors (0ms)
			InitializePlatformSupportModulesInManaged (6ms)
			SetLoadedEditorAssemblies (3ms)
			RefreshPlugins (0ms)
			BeforeProcessingInitializeOnLoad (49ms)
			ProcessInitializeOnLoadAttributes (290ms)
			ProcessInitializeOnLoadMethodAttributes (17ms)
			AfterProcessingInitializeOnLoad (6ms)
			EditorAssembliesLoaded (0ms)
		ExecutionOrderSort2 (0ms)
		AwakeInstancesAfterBackupRestoration (6ms)
Refreshing native plugins compatible for Editor in 3.39 ms, found 4 plugins.
Preloading 0 native plugins for Editor in 0.00 ms.
Unloading 3943 Unused Serialized files (Serialized files now loaded: 0)
Unloading 20 unused Assets / (31.0 KB). Loaded Objects now: 4439.
Memory consumption went from 137.7 MB to 137.7 MB.
Total: 4.016200 ms (FindLiveObjects: 0.477900 ms CreateObjectMapping: 0.082800 ms MarkObjects: 3.374100 ms  DeleteObjects: 0.078800 ms)

Prepare: number of updated asset objects reloaded= 0
AssetImportParameters requested are different than current active one (requested -> active):
  custom:container-demuxer-ogg: 62fdf1f143b41e24485cea50d1cbac27 -> 
  custom:video-codec-MediaFoundation-h265: 746d11721c4dcdbdad8f713fa42b33f4 -> 
  custom:video-decoder-ogg-theora: a1e56fd34408186e4bbccfd4996cb3dc -> 
  custom:framework-win-MediaFoundation: 216162199b28c13a410421893ffa2e32 -> 
  custom:CustomObjectIndexerAttribute: 9a22284fe3817be447336de3de66b15e -> 
  custom:container-demuxer-webm: 4f35f7cbe854078d1ac9338744f61a02 -> 
  custom:container-muxer-webm: aa71ff27fc2769a1b78a27578f13a17b -> 
  custom:video-decoder-webm-vp8: 9c59270c3fd7afecdb556c50c9e8de78 -> 
  custom:SearchIndexIgnoredProperties: e643bd26f0fe6173181afceb89e7c659 -> 
  custom:AudioImporter_EditorPlatform: d09bf68614088b80899f8185d706f6e7 -> 
  custom:video-encoder-webm-vp8: eb34c28f22e8b96e1ab97ce403110664 -> 
  custom:audio-decoder-ogg-vorbis: bf7c407c2cedff20999df2af8eb42d56 -> 
  custom:scripting/monoscript/fileName/SceneSwitcher.cs: 82650212eef756784afd1b30cb6bafc7 -> 
  custom:audio-encoder-webm-vorbis: bf7c407c2cedff20999df2af8eb42d56 -> 
  custom:scripting/precompiled-assembly-types:Assembly-CSharp: 8304422cd185ce6fbc6463721112e5c8 -> 89e4d1232902841028940258bee8100a
========================================================================
Received Prepare
Caller must complete domain reload
Begin MonoManager ReloadAssembly
- Loaded All Assemblies, in  0.340 seconds
Native extension for WindowsStandalone target not found
Native extension for WebGL target not found
Mono: successfully reloaded assembly
- Finished resetting the current domain, in  0.704 seconds
Domain Reload Profiling: 1043ms
	BeginReloadAssembly (114ms)
		ExecutionOrderSort (0ms)
		DisableScriptedObjects (4ms)
		BackupInstance (0ms)
		ReleaseScriptingObjects (0ms)
		CreateAndSetChildDomain (23ms)
	RebuildCommonClasses (21ms)
	RebuildNativeTypeToScriptingClass (7ms)
	initialDomainReloadingComplete (19ms)
	LoadAllAssembliesAndSetupDomain (177ms)
		LoadAssemblies (224ms)
		RebuildTransferFunctionScriptingTraits (0ms)
		AnalyzeDomain (13ms)
			TypeCache.Refresh (5ms)
				TypeCache.ScanAssembly (0ms)
			ScanForSourceGeneratedMonoScriptInfo (0ms)
			ResolveRequiredComponents (4ms)
	FinalizeReload (705ms)
		ReleaseScriptCaches (0ms)
		RebuildScriptCaches (0ms)
		SetupLoadedEditorAssemblies (372ms)
			LogAssemblyErrors (0ms)
			InitializePlatformSupportModulesInManaged (5ms)
			SetLoadedEditorAssemblies (3ms)
			RefreshPlugins (0ms)
			BeforeProcessingInitializeOnLoad (46ms)
			ProcessInitializeOnLoadAttributes (296ms)
			ProcessInitializeOnLoadMethodAttributes (16ms)
			AfterProcessingInitializeOnLoad (5ms)
			EditorAssembliesLoaded (0ms)
		ExecutionOrderSort2 (0ms)
		AwakeInstancesAfterBackupRestoration (6ms)
Refreshing native plugins compatible for Editor in 3.91 ms, found 4 plugins.
Preloading 0 native plugins for Editor in 0.00 ms.
Unloading 3943 Unused Serialized files (Serialized files now loaded: 0)
Unloading 20 unused Assets / (31.0 KB). Loaded Objects now: 4443.
Memory consumption went from 137.7 MB to 137.7 MB.
Total: 2.509600 ms (FindLiveObjects: 0.286300 ms CreateObjectMapping: 0.077700 ms MarkObjects: 2.087400 ms  DeleteObjects: 0.057200 ms)

Prepare: number of updated asset objects reloaded= 0
AssetImportParameters requested are different than current active one (requested -> active):
  custom:container-demuxer-ogg: 62fdf1f143b41e24485cea50d1cbac27 -> 
  custom:video-codec-MediaFoundation-h265: 746d11721c4dcdbdad8f713fa42b33f4 -> 
  custom:video-decoder-ogg-theora: a1e56fd34408186e4bbccfd4996cb3dc -> 
  custom:framework-win-MediaFoundation: 216162199b28c13a410421893ffa2e32 -> 
  custom:CustomObjectIndexerAttribute: 9a22284fe3817be447336de3de66b15e -> 
  custom:container-demuxer-webm: 4f35f7cbe854078d1ac9338744f61a02 -> 
  custom:container-muxer-webm: aa71ff27fc2769a1b78a27578f13a17b -> 
  custom:video-decoder-webm-vp8: 9c59270c3fd7afecdb556c50c9e8de78 -> 
  custom:SearchIndexIgnoredProperties: e643bd26f0fe6173181afceb89e7c659 -> 
  custom:AudioImporter_EditorPlatform: d09bf68614088b80899f8185d706f6e7 -> 
  custom:video-encoder-webm-vp8: eb34c28f22e8b96e1ab97ce403110664 -> 
  custom:audio-decoder-ogg-vorbis: bf7c407c2cedff20999df2af8eb42d56 -> 
  custom:scripting/monoscript/fileName/SceneSwitcher.cs: 82650212eef756784afd1b30cb6bafc7 -> 
  custom:audio-encoder-webm-vorbis: bf7c407c2cedff20999df2af8eb42d56 -> 
  custom:scripting/precompiled-assembly-types:Assembly-CSharp: 8304422cd185ce6fbc6463721112e5c8 -> 89e4d1232902841028940258bee8100a
========================================================================
Received Prepare
Caller must complete domain reload
Begin MonoManager ReloadAssembly
- Loaded All Assemblies, in  0.328 seconds
Native extension for WindowsStandalone target not found
Native extension for WebGL target not found
Mono: successfully reloaded assembly
- Finished resetting the current domain, in  0.716 seconds
Domain Reload Profiling: 1043ms
	BeginReloadAssembly (112ms)
		ExecutionOrderSort (0ms)
		DisableScriptedObjects (3ms)
		BackupInstance (0ms)
		ReleaseScriptingObjects (0ms)
		CreateAndSetChildDomain (22ms)
	RebuildCommonClasses (22ms)
	RebuildNativeTypeToScriptingClass (7ms)
	initialDomainReloadingComplete (20ms)
	LoadAllAssembliesAndSetupDomain (166ms)
		LoadAssemblies (213ms)
		RebuildTransferFunctionScriptingTraits (0ms)
		AnalyzeDomain (12ms)
			TypeCache.Refresh (6ms)
				TypeCache.ScanAssembly (0ms)
			ScanForSourceGeneratedMonoScriptInfo (0ms)
			ResolveRequiredComponents (4ms)
	FinalizeReload (717ms)
		ReleaseScriptCaches (0ms)
		RebuildScriptCaches (0ms)
		SetupLoadedEditorAssemblies (368ms)
			LogAssemblyErrors (0ms)
			InitializePlatformSupportModulesInManaged (5ms)
			SetLoadedEditorAssemblies (3ms)
			RefreshPlugins (0ms)
			BeforeProcessingInitializeOnLoad (48ms)
			ProcessInitializeOnLoadAttributes (289ms)
			ProcessInitializeOnLoadMethodAttributes (17ms)
			AfterProcessingInitializeOnLoad (5ms)
			EditorAssembliesLoaded (0ms)
		ExecutionOrderSort2 (0ms)
		AwakeInstancesAfterBackupRestoration (6ms)
Refreshing native plugins compatible for Editor in 4.14 ms, found 4 plugins.
Preloading 0 native plugins for Editor in 0.00 ms.
Unloading 3943 Unused Serialized files (Serialized files now loaded: 0)
Unloading 20 unused Assets / (31.0 KB). Loaded Objects now: 4447.
Memory consumption went from 137.7 MB to 137.7 MB.
Total: 2.473700 ms (FindLiveObjects: 0.199600 ms CreateObjectMapping: 0.131700 ms MarkObjects: 2.095500 ms  DeleteObjects: 0.045800 ms)

Prepare: number of updated asset objects reloaded= 0
AssetImportParameters requested are different than current active one (requested -> active):
  custom:container-demuxer-ogg: 62fdf1f143b41e24485cea50d1cbac27 -> 
  custom:video-codec-MediaFoundation-h265: 746d11721c4dcdbdad8f713fa42b33f4 -> 
  custom:video-decoder-ogg-theora: a1e56fd34408186e4bbccfd4996cb3dc -> 
  custom:framework-win-MediaFoundation: 216162199b28c13a410421893ffa2e32 -> 
  custom:CustomObjectIndexerAttribute: 9a22284fe3817be447336de3de66b15e -> 
  custom:container-demuxer-webm: 4f35f7cbe854078d1ac9338744f61a02 -> 
  custom:container-muxer-webm: aa71ff27fc2769a1b78a27578f13a17b -> 
  custom:video-decoder-webm-vp8: 9c59270c3fd7afecdb556c50c9e8de78 -> 
  custom:SearchIndexIgnoredProperties: e643bd26f0fe6173181afceb89e7c659 -> 
  custom:AudioImporter_EditorPlatform: d09bf68614088b80899f8185d706f6e7 -> 
  custom:video-encoder-webm-vp8: eb34c28f22e8b96e1ab97ce403110664 -> 
  custom:audio-decoder-ogg-vorbis: bf7c407c2cedff20999df2af8eb42d56 -> 
  custom:scripting/monoscript/fileName/SceneSwitcher.cs: 82650212eef756784afd1b30cb6bafc7 -> 
  custom:audio-encoder-webm-vorbis: bf7c407c2cedff20999df2af8eb42d56 -> 
  custom:scripting/precompiled-assembly-types:Assembly-CSharp: 8304422cd185ce6fbc6463721112e5c8 -> 89e4d1232902841028940258bee8100a
========================================================================
Received Prepare
Refreshing native plugins compatible for Editor in 3.70 ms, found 4 plugins.
Preloading 0 native plugins for Editor in 0.00 ms.
Unloading 1 Unused Serialized files (Serialized files now loaded: 0)
Unloading 1 unused Assets / (3.1 KB). Loaded Objects now: 4447.
Memory consumption went from 76.6 MB to 76.6 MB.
Total: 3.871200 ms (FindLiveObjects: 0.240100 ms CreateObjectMapping: 0.108200 ms MarkObjects: 3.498300 ms  DeleteObjects: 0.023300 ms)

Prepare: number of updated asset objects reloaded= 0
AssetImportParameters requested are different than current active one (requested -> active):
  custom:container-demuxer-ogg: 62fdf1f143b41e24485cea50d1cbac27 -> 
  custom:video-codec-MediaFoundation-h265: 746d11721c4dcdbdad8f713fa42b33f4 -> 
  custom:video-decoder-ogg-theora: a1e56fd34408186e4bbccfd4996cb3dc -> 
  custom:framework-win-MediaFoundation: 216162199b28c13a410421893ffa2e32 -> 
  custom:CustomObjectIndexerAttribute: 9a22284fe3817be447336de3de66b15e -> 
  custom:container-demuxer-webm: 4f35f7cbe854078d1ac9338744f61a02 -> 
  custom:container-muxer-webm: aa71ff27fc2769a1b78a27578f13a17b -> 
  custom:video-decoder-webm-vp8: 9c59270c3fd7afecdb556c50c9e8de78 -> 
  custom:SearchIndexIgnoredProperties: e643bd26f0fe6173181afceb89e7c659 -> 
  custom:AudioImporter_EditorPlatform: d09bf68614088b80899f8185d706f6e7 -> 
  custom:video-encoder-webm-vp8: eb34c28f22e8b96e1ab97ce403110664 -> 
  custom:audio-decoder-ogg-vorbis: bf7c407c2cedff20999df2af8eb42d56 -> 
  custom:scripting/monoscript/fileName/SceneSwitcher.cs: 82650212eef756784afd1b30cb6bafc7 -> 
  custom:audio-encoder-webm-vorbis: bf7c407c2cedff20999df2af8eb42d56 -> 
  custom:scripting/precompiled-assembly-types:Assembly-CSharp: 8304422cd185ce6fbc6463721112e5c8 -> 89e4d1232902841028940258bee8100a
========================================================================
Received Prepare
Refreshing native plugins compatible for Editor in 3.11 ms, found 4 plugins.
Preloading 0 native plugins for Editor in 0.00 ms.
Unloading 1 Unused Serialized files (Serialized files now loaded: 0)
Unloading 1 unused Assets / (3.1 KB). Loaded Objects now: 4447.
Memory consumption went from 76.3 MB to 76.3 MB.
Total: 2.211600 ms (FindLiveObjects: 0.177900 ms CreateObjectMapping: 0.076800 ms MarkObjects: 1.931800 ms  DeleteObjects: 0.024200 ms)

Prepare: number of updated asset objects reloaded= 0
AssetImportParameters requested are different than current active one (requested -> active):
  custom:container-demuxer-ogg: 62fdf1f143b41e24485cea50d1cbac27 -> 
  custom:video-codec-MediaFoundation-h265: 746d11721c4dcdbdad8f713fa42b33f4 -> 
  custom:video-decoder-ogg-theora: a1e56fd34408186e4bbccfd4996cb3dc -> 
  custom:framework-win-MediaFoundation: 216162199b28c13a410421893ffa2e32 -> 
  custom:CustomObjectIndexerAttribute: 9a22284fe3817be447336de3de66b15e -> 
  custom:container-demuxer-webm: 4f35f7cbe854078d1ac9338744f61a02 -> 
  custom:container-muxer-webm: aa71ff27fc2769a1b78a27578f13a17b -> 
  custom:video-decoder-webm-vp8: 9c59270c3fd7afecdb556c50c9e8de78 -> 
  custom:SearchIndexIgnoredProperties: e643bd26f0fe6173181afceb89e7c659 -> 
  custom:AudioImporter_EditorPlatform: d09bf68614088b80899f8185d706f6e7 -> 
  custom:video-encoder-webm-vp8: eb34c28f22e8b96e1ab97ce403110664 -> 
  custom:audio-decoder-ogg-vorbis: bf7c407c2cedff20999df2af8eb42d56 -> 
  custom:scripting/monoscript/fileName/SceneSwitcher.cs: 82650212eef756784afd1b30cb6bafc7 -> 
  custom:audio-encoder-webm-vorbis: bf7c407c2cedff20999df2af8eb42d56 -> 
  custom:scripting/precompiled-assembly-types:Assembly-CSharp: 8304422cd185ce6fbc6463721112e5c8 -> 89e4d1232902841028940258bee8100a
========================================================================
Received Prepare
Caller must complete domain reload
Begin MonoManager ReloadAssembly
- Loaded All Assemblies, in  0.410 seconds
Native extension for WindowsStandalone target not found
Native extension for WebGL target not found
Mono: successfully reloaded assembly
- Finished resetting the current domain, in  0.681 seconds
Domain Reload Profiling: 1090ms
	BeginReloadAssembly (113ms)
		ExecutionOrderSort (0ms)
		DisableScriptedObjects (3ms)
		BackupInstance (0ms)
		ReleaseScriptingObjects (0ms)
		CreateAndSetChildDomain (21ms)
	RebuildCommonClasses (28ms)
	RebuildNativeTypeToScriptingClass (7ms)
	initialDomainReloadingComplete (21ms)
	LoadAllAssembliesAndSetupDomain (241ms)
		LoadAssemblies (231ms)
		RebuildTransferFunctionScriptingTraits (0ms)
		AnalyzeDomain (71ms)
			TypeCache.Refresh (56ms)
				TypeCache.ScanAssembly (48ms)
			ScanForSourceGeneratedMonoScriptInfo (10ms)
			ResolveRequiredComponents (3ms)
	FinalizeReload (681ms)
		ReleaseScriptCaches (0ms)
		RebuildScriptCaches (0ms)
		SetupLoadedEditorAssemblies (295ms)
			LogAssemblyErrors (0ms)
			InitializePlatformSupportModulesInManaged (6ms)
			SetLoadedEditorAssemblies (3ms)
			RefreshPlugins (0ms)
			BeforeProcessingInitializeOnLoad (47ms)
			ProcessInitializeOnLoadAttributes (222ms)
			ProcessInitializeOnLoadMethodAttributes (13ms)
			AfterProcessingInitializeOnLoad (4ms)
			EditorAssembliesLoaded (0ms)
		ExecutionOrderSort2 (0ms)
		AwakeInstancesAfterBackupRestoration (5ms)
Refreshing native plugins compatible for Editor in 4.79 ms, found 4 plugins.
Preloading 0 native plugins for Editor in 0.00 ms.
Unloading 3943 Unused Serialized files (Serialized files now loaded: 0)
Unloading 20 unused Assets / (31.1 KB). Loaded Objects now: 4451.
Memory consumption went from 137.7 MB to 137.7 MB.
Total: 2.598800 ms (FindLiveObjects: 0.166000 ms CreateObjectMapping: 0.065500 ms MarkObjects: 2.330500 ms  DeleteObjects: 0.035400 ms)

Prepare: number of updated asset objects reloaded= 0
AssetImportParameters requested are different than current active one (requested -> active):
  custom:container-demuxer-ogg: 62fdf1f143b41e24485cea50d1cbac27 -> 
  custom:video-codec-MediaFoundation-h265: 746d11721c4dcdbdad8f713fa42b33f4 -> 
  custom:video-decoder-ogg-theora: a1e56fd34408186e4bbccfd4996cb3dc -> 
  custom:framework-win-MediaFoundation: 216162199b28c13a410421893ffa2e32 -> 
  custom:CustomObjectIndexerAttribute: 9a22284fe3817be447336de3de66b15e -> 
  custom:container-demuxer-webm: 4f35f7cbe854078d1ac9338744f61a02 -> 
  custom:container-muxer-webm: aa71ff27fc2769a1b78a27578f13a17b -> 
  custom:video-decoder-webm-vp8: 9c59270c3fd7afecdb556c50c9e8de78 -> 
  custom:SearchIndexIgnoredProperties: e643bd26f0fe6173181afceb89e7c659 -> 
  custom:AudioImporter_EditorPlatform: d09bf68614088b80899f8185d706f6e7 -> 
  custom:video-encoder-webm-vp8: eb34c28f22e8b96e1ab97ce403110664 -> 
  custom:audio-decoder-ogg-vorbis: bf7c407c2cedff20999df2af8eb42d56 -> 
  custom:scripting/monoscript/fileName/SceneSwitcher.cs: 82650212eef756784afd1b30cb6bafc7 -> 
  custom:audio-encoder-webm-vorbis: bf7c407c2cedff20999df2af8eb42d56 -> 
  custom:scripting/precompiled-assembly-types:Assembly-CSharp: 8304422cd185ce6fbc6463721112e5c8 -> 89e4d1232902841028940258bee8100a
========================================================================
Received Import Request.
  Time since last request: 945.576036 seconds.
  path: Assets/Materials/Mat_Campfire.mat
  artifactKey: Guid(f86be24b8d951644cbb4bca5d2350a2a) Importer(2089858483,0ecaa5967403d082aa24f35e1b516d23)
Start importing Assets/Materials/Mat_Campfire.mat using Guid(f86be24b8d951644cbb4bca5d2350a2a) Importer(2089858483,0ecaa5967403d082aa24f35e1b516d23) [PhysX] Initialized MultithreadedTaskDispatcher with 16 workers.
 -> (artifact id: '799a54f362d559ad6eae55d95eac502e') in 0.161305 seconds
Number of updated asset objects reloaded before import = 0
Number of asset objects unloaded after import = 2
========================================================================
Received Import Request.
  Time since last request: 0.000030 seconds.
  path: Assets/ImportedAssets/Abiogenesis3d/Campfire/Materials/Fire_fx.mat
  artifactKey: Guid(5f0c8968af7dcff4dba1cee130e23704) Importer(2089858483,0ecaa5967403d082aa24f35e1b516d23)
Start importing Assets/ImportedAssets/Abiogenesis3d/Campfire/Materials/Fire_fx.mat using Guid(5f0c8968af7dcff4dba1cee130e23704) Importer(2089858483,0ecaa5967403d082aa24f35e1b516d23) [PhysX] Initialized MultithreadedTaskDispatcher with 16 workers.
 -> (artifact id: 'e026052c498bdf9a7eb3126f22cfd3c5') in 0.007325 seconds
Number of updated asset objects reloaded before import = 0
Number of asset objects unloaded after import = 2
========================================================================
Received Import Request.
  Time since last request: 0.000033 seconds.
  path: Assets/ImportedAssets/Abiogenesis3d/Shared/InEditor/AutoImportUnityPackage.cs
  artifactKey: Guid(d373a13d2a3fb664295b9a8699f74f1f) Importer(2089858483,0ecaa5967403d082aa24f35e1b516d23)
Start importing Assets/ImportedAssets/Abiogenesis3d/Shared/InEditor/AutoImportUnityPackage.cs using Guid(d373a13d2a3fb664295b9a8699f74f1f) Importer(2089858483,0ecaa5967403d082aa24f35e1b516d23) [PhysX] Initialized MultithreadedTaskDispatcher with 16 workers.
 -> (artifact id: '7efed1f19c4a097481e78c47e312446e') in 0.014885 seconds
Number of updated asset objects reloaded before import = 0
Number of asset objects unloaded after import = 1
========================================================================
Received Import Request.
  Time since last request: 0.000028 seconds.
  path: Assets/ImportedAssets/Nanolod/Manual.pdf
  artifactKey: Guid(b3460521fb9034a788deaa1e4ae3ada8) Importer(2089858483,0ecaa5967403d082aa24f35e1b516d23)
Start importing Assets/ImportedAssets/Nanolod/Manual.pdf using Guid(b3460521fb9034a788deaa1e4ae3ada8) Importer(2089858483,0ecaa5967403d082aa24f35e1b516d23) [PhysX] Initialized MultithreadedTaskDispatcher with 16 workers.
 -> (artifact id: 'be60ac64a0df8c0e5693038786ac9702') in 0.003072 seconds
Number of updated asset objects reloaded before import = 0
Number of asset objects unloaded after import = 1
========================================================================
Received Import Request.
  Time since last request: 0.000019 seconds.
  path: Assets/ImportedAssets/Pure Poly/Free Low Poly Nature Pack/Materials/URP_to_Built_in_Materials.unitypackage
  artifactKey: Guid(9c562e53e822ce34cacea4101054eb0f) Importer(2089858483,0ecaa5967403d082aa24f35e1b516d23)
Start importing Assets/ImportedAssets/Pure Poly/Free Low Poly Nature Pack/Materials/URP_to_Built_in_Materials.unitypackage using Guid(9c562e53e822ce34cacea4101054eb0f) Importer(2089858483,0ecaa5967403d082aa24f35e1b516d23) [PhysX] Initialized MultithreadedTaskDispatcher with 16 workers.
 -> (artifact id: '0f5257f59e2a540b97c644d565f12f73') in 0.004390 seconds
Number of updated asset objects reloaded before import = 0
Number of asset objects unloaded after import = 1
========================================================================
Received Import Request.
  Time since last request: 0.000029 seconds.
  path: Assets/ImportedAssets/Pure Poly/Free Low Poly Nature Pack/Meshes/PP_Birch_Tree_06.fbx
  artifactKey: Guid(ddd36401006c8654eae1d9a6bcd6380d) Importer(2089858483,0ecaa5967403d082aa24f35e1b516d23)
Start importing Assets/ImportedAssets/Pure Poly/Free Low Poly Nature Pack/Meshes/PP_Birch_Tree_06.fbx using Guid(ddd36401006c8654eae1d9a6bcd6380d) Importer(2089858483,0ecaa5967403d082aa24f35e1b516d23) [PhysX] Initialized MultithreadedTaskDispatcher with 16 workers.
 -> (artifact id: '132d86857aaf8a8cfbfeccd2cf8a0413') in 0.037359 seconds
Number of updated asset objects reloaded before import = 0
Number of asset objects unloaded after import = 7
========================================================================
Received Import Request.
  Time since last request: 0.000016 seconds.
  path: Assets/ImportedAssets/Pure Poly/Free Low Poly Nature Pack/Meshes/PP_Floor_Tile_05.fbx
  artifactKey: Guid(880b941b729844c4a88ed981e3a0bab9) Importer(2089858483,0ecaa5967403d082aa24f35e1b516d23)
Start importing Assets/ImportedAssets/Pure Poly/Free Low Poly Nature Pack/Meshes/PP_Floor_Tile_05.fbx using Guid(880b941b729844c4a88ed981e3a0bab9) Importer(2089858483,0ecaa5967403d082aa24f35e1b516d23) [PhysX] Initialized MultithreadedTaskDispatcher with 16 workers.
 -> (artifact id: '177c9fbfeeb910e343918b5862e24506') in 0.010411 seconds
Number of updated asset objects reloaded before import = 0
Number of asset objects unloaded after import = 7
========================================================================
Received Import Request.
  Time since last request: 0.000019 seconds.
  path: Assets/ImportedAssets/Pure Poly/Free Low Poly Nature Pack/Meshes/PP_Mushroom_Fantasy_Orange_10.fbx
  artifactKey: Guid(769bcb364254fc84f86c3bde2b625a9f) Importer(2089858483,0ecaa5967403d082aa24f35e1b516d23)
Start importing Assets/ImportedAssets/Pure Poly/Free Low Poly Nature Pack/Meshes/PP_Mushroom_Fantasy_Orange_10.fbx using Guid(769bcb364254fc84f86c3bde2b625a9f) Importer(2089858483,0ecaa5967403d082aa24f35e1b516d23) [PhysX] Initialized MultithreadedTaskDispatcher with 16 workers.
 -> (artifact id: '323235cbad26a5852268b535794f62b6') in 0.009776 seconds
Number of updated asset objects reloaded before import = 0
Number of asset objects unloaded after import = 7
========================================================================
Received Import Request.
  Time since last request: 0.000017 seconds.
  path: Assets/ImportedAssets/Pure Poly/Free Low Poly Nature Pack/Meshes/PP_Rock_Moss_Grown_09.fbx
  artifactKey: Guid(3184c8a016da6e34abff1686da99650b) Importer(2089858483,0ecaa5967403d082aa24f35e1b516d23)
Start importing Assets/ImportedAssets/Pure Poly/Free Low Poly Nature Pack/Meshes/PP_Rock_Moss_Grown_09.fbx using Guid(3184c8a016da6e34abff1686da99650b) Importer(2089858483,0ecaa5967403d082aa24f35e1b516d23) [PhysX] Initialized MultithreadedTaskDispatcher with 16 workers.
 -> (artifact id: '62fc09dff48e1b8815614cb77455046d') in 0.011756 seconds
Number of updated asset objects reloaded before import = 0
Number of asset objects unloaded after import = 7
========================================================================
Received Import Request.
  Time since last request: 0.000024 seconds.
  path: Assets/ImportedAssets/Pure Poly/Free Low Poly Nature Pack/Prefabs/PP_Cemetery_Pebbles_09.prefab
  artifactKey: Guid(fc991291bcee34046a5147d67b5e87f4) Importer(2089858483,0ecaa5967403d082aa24f35e1b516d23)
Start importing Assets/ImportedAssets/Pure Poly/Free Low Poly Nature Pack/Prefabs/PP_Cemetery_Pebbles_09.prefab using Guid(fc991291bcee34046a5147d67b5e87f4) Importer(2089858483,0ecaa5967403d082aa24f35e1b516d23) [PhysX] Initialized MultithreadedTaskDispatcher with 16 workers.
 -> (artifact id: '0f39b3fec5c0c5c9ea456a3c188a2cc0') in 0.013671 seconds
Number of updated asset objects reloaded before import = 0
Number of asset objects unloaded after import = 8
========================================================================
Received Import Request.
  Time since last request: 0.000021 seconds.
  path: Assets/ImportedAssets/ModularFirstPersonController/FirstPersonController/FirstPersonController.cs
  artifactKey: Guid(d90ba6530d9bfda47abb4610956b2f44) Importer(2089858483,0ecaa5967403d082aa24f35e1b516d23)
Start importing Assets/ImportedAssets/ModularFirstPersonController/FirstPersonController/FirstPersonController.cs using Guid(d90ba6530d9bfda47abb4610956b2f44) Importer(2089858483,0ecaa5967403d082aa24f35e1b516d23) [PhysX] Initialized MultithreadedTaskDispatcher with 16 workers.
 -> (artifact id: 'ac6c7255e97ad254d1f9c5e4b3a6966d') in 0.005408 seconds
Number of updated asset objects reloaded before import = 0
Number of asset objects unloaded after import = 1
========================================================================
Received Import Request.
  Time since last request: 0.000031 seconds.
  path: Assets/ImportedAssets/Nanolod/Binaries/Nanolod.dll
  artifactKey: Guid(825e431c5b00f114e922cb55c66b5d73) Importer(2089858483,0ecaa5967403d082aa24f35e1b516d23)
Start importing Assets/ImportedAssets/Nanolod/Binaries/Nanolod.dll using Guid(825e431c5b00f114e922cb55c66b5d73) Importer(2089858483,0ecaa5967403d082aa24f35e1b516d23) [PhysX] Initialized MultithreadedTaskDispatcher with 16 workers.
 -> (artifact id: 'e3065f581bf26d6d81b985d33333a7df') in 0.004186 seconds
Number of updated asset objects reloaded before import = 0
Number of asset objects unloaded after import = 1
========================================================================
Received Import Request.
  Time since last request: 0.000041 seconds.
  path: Assets/UnityTechnologies/SpaceRobotKyle/Textures/Robot_Color.tga
  artifactKey: Guid(0a0e8af2869fa45f78e25460db578482) Importer(2089858483,0ecaa5967403d082aa24f35e1b516d23)
Start importing Assets/UnityTechnologies/SpaceRobotKyle/Textures/Robot_Color.tga using Guid(0a0e8af2869fa45f78e25460db578482) Importer(2089858483,0ecaa5967403d082aa24f35e1b516d23) [PhysX] Initialized MultithreadedTaskDispatcher with 16 workers.
 -> (artifact id: '8ef5272713c45aac8e5a3dc024e1e406') in 0.039382 seconds
Number of updated asset objects reloaded before import = 0
Number of asset objects unloaded after import = 1
========================================================================
Received Import Request.
  Time since last request: 0.000020 seconds.
  path: Assets/ImportedAssets/Abiogenesis3d/Campfire/Materials/Floor.mat
  artifactKey: Guid(c95e0de94ba96c04aab4e7da176721e2) Importer(2089858483,0ecaa5967403d082aa24f35e1b516d23)
Start importing Assets/ImportedAssets/Abiogenesis3d/Campfire/Materials/Floor.mat using Guid(c95e0de94ba96c04aab4e7da176721e2) Importer(2089858483,0ecaa5967403d082aa24f35e1b516d23) [PhysX] Initialized MultithreadedTaskDispatcher with 16 workers.
 -> (artifact id: 'fd7f200c15016a673276485377ca6396') in 0.007972 seconds
Number of updated asset objects reloaded before import = 0
Number of asset objects unloaded after import = 1
========================================================================
Received Import Request.
  Time since last request: 0.000028 seconds.
  path: Assets/ImportedAssets/Pure Poly/Free Low Poly Nature Pack/Meshes/PP_Small_Fence_01.fbx
  artifactKey: Guid(1446a525922275e48875404dc6132cdf) Importer(2089858483,0ecaa5967403d082aa24f35e1b516d23)
Start importing Assets/ImportedAssets/Pure Poly/Free Low Poly Nature Pack/Meshes/PP_Small_Fence_01.fbx using Guid(1446a525922275e48875404dc6132cdf) Importer(2089858483,0ecaa5967403d082aa24f35e1b516d23) [PhysX] Initialized MultithreadedTaskDispatcher with 16 workers.
 -> (artifact id: '5a3f0c606a03c5fc75815ff4d41025d8') in 0.013378 seconds
Number of updated asset objects reloaded before import = 0
Number of asset objects unloaded after import = 7
========================================================================
Received Import Request.
  Time since last request: 0.000018 seconds.
  path: Assets/ImportedAssets/Pure Poly/Free Low Poly Nature Pack/Meshes/PP_Rock_Pile_Forest_Moss_05.fbx
  artifactKey: Guid(b0ba9b7cecd675b45894beca57389899) Importer(2089858483,0ecaa5967403d082aa24f35e1b516d23)
Start importing Assets/ImportedAssets/Pure Poly/Free Low Poly Nature Pack/Meshes/PP_Rock_Pile_Forest_Moss_05.fbx using Guid(b0ba9b7cecd675b45894beca57389899) Importer(2089858483,0ecaa5967403d082aa24f35e1b516d23) [PhysX] Initialized MultithreadedTaskDispatcher with 16 workers.
 -> (artifact id: '1ec8553d97dc810c672dd0b130a3fe10') in 0.011465 seconds
Number of updated asset objects reloaded before import = 0
Number of asset objects unloaded after import = 7
========================================================================
Received Import Request.
  Time since last request: 0.000031 seconds.
  path: Assets/ImportedAssets/Abiogenesis3d/Campfire/Materials/RobotKyle_URP.unitypackage
  artifactKey: Guid(f7bdcfd98e2ede640819bef885bff1a0) Importer(2089858483,0ecaa5967403d082aa24f35e1b516d23)
Start importing Assets/ImportedAssets/Abiogenesis3d/Campfire/Materials/RobotKyle_URP.unitypackage using Guid(f7bdcfd98e2ede640819bef885bff1a0) Importer(2089858483,0ecaa5967403d082aa24f35e1b516d23) [PhysX] Initialized MultithreadedTaskDispatcher with 16 workers.
 -> (artifact id: 'fd83002e80cb887f3772fe8343e061a1') in 0.003250 seconds
Number of updated asset objects reloaded before import = 0
Number of asset objects unloaded after import = 1
========================================================================
Received Import Request.
  Time since last request: 0.000059 seconds.
  path: Assets/ImportedAssets/Abiogenesis3d/Campfire/Models/Rock.asset
  artifactKey: Guid(4ef3133981ba352429e1195c441345f4) Importer(2089858483,0ecaa5967403d082aa24f35e1b516d23)
Start importing Assets/ImportedAssets/Abiogenesis3d/Campfire/Models/Rock.asset using Guid(4ef3133981ba352429e1195c441345f4) Importer(2089858483,0ecaa5967403d082aa24f35e1b516d23) [PhysX] Initialized MultithreadedTaskDispatcher with 16 workers.
 -> (artifact id: 'cdfa4491b2774e3f6d016d90ae61433e') in 0.004063 seconds
Number of updated asset objects reloaded before import = 0
Number of asset objects unloaded after import = 1
========================================================================
Received Import Request.
  Time since last request: 0.000032 seconds.
  path: Assets/ImportedAssets/Abiogenesis3d/Campfire/Materials/Wood.mat
  artifactKey: Guid(9623545abf3c8b24fa5bb63e0541fbf1) Importer(2089858483,0ecaa5967403d082aa24f35e1b516d23)
Start importing Assets/ImportedAssets/Abiogenesis3d/Campfire/Materials/Wood.mat using Guid(9623545abf3c8b24fa5bb63e0541fbf1) Importer(2089858483,0ecaa5967403d082aa24f35e1b516d23) [PhysX] Initialized MultithreadedTaskDispatcher with 16 workers.
 -> (artifact id: 'f660f4cc3f3e8424eda5e0f5f25aaad4') in 0.005136 seconds
Number of updated asset objects reloaded before import = 0
Number of asset objects unloaded after import = 1
========================================================================
Received Import Request.
  Time since last request: 0.000048 seconds.
  path: Assets/ImportedAssets/Nanolod/Examples/Assets/Black.mat
  artifactKey: Guid(6178260a9da1a4f3793217cddd4264f0) Importer(2089858483,0ecaa5967403d082aa24f35e1b516d23)
Start importing Assets/ImportedAssets/Nanolod/Examples/Assets/Black.mat using Guid(6178260a9da1a4f3793217cddd4264f0) Importer(2089858483,0ecaa5967403d082aa24f35e1b516d23) [PhysX] Initialized MultithreadedTaskDispatcher with 16 workers.
 -> (artifact id: 'c123641bd203c8e125db2a2fd28a335f') in 0.006268 seconds
Number of updated asset objects reloaded before import = 0
Number of asset objects unloaded after import = 1
========================================================================
Received Import Request.
  Time since last request: 0.000028 seconds.
  path: Assets/ImportedAssets/Pure Poly/Free Low Poly Nature Pack/Meshes/PP_Sunflower_04.fbx
  artifactKey: Guid(5374e258aa8b0a54b9ad017e47f849ec) Importer(2089858483,0ecaa5967403d082aa24f35e1b516d23)
Start importing Assets/ImportedAssets/Pure Poly/Free Low Poly Nature Pack/Meshes/PP_Sunflower_04.fbx using Guid(5374e258aa8b0a54b9ad017e47f849ec) Importer(2089858483,0ecaa5967403d082aa24f35e1b516d23) [PhysX] Initialized MultithreadedTaskDispatcher with 16 workers.
 -> (artifact id: '772421bfc77a499da920795170bb20f1') in 0.013177 seconds
Number of updated asset objects reloaded before import = 0
Number of asset objects unloaded after import = 7
========================================================================
Received Import Request.
  Time since last request: 0.000020 seconds.
  path: Assets/ImportedAssets/Abiogenesis3d/Campfire/Textures/Fire.png
  artifactKey: Guid(f83dffdae777959449029fc94f36a563) Importer(2089858483,0ecaa5967403d082aa24f35e1b516d23)
Start importing Assets/ImportedAssets/Abiogenesis3d/Campfire/Textures/Fire.png using Guid(f83dffdae777959449029fc94f36a563) Importer(2089858483,0ecaa5967403d082aa24f35e1b516d23) [PhysX] Initialized MultithreadedTaskDispatcher with 16 workers.
 -> (artifact id: 'aa20e3cfd4bb94a47a782a0f09e4b257') in 0.010227 seconds
Number of updated asset objects reloaded before import = 0
Number of asset objects unloaded after import = 1
========================================================================
Received Import Request.
  Time since last request: 0.000020 seconds.
  path: Assets/ImportedAssets/Pure Poly/Free Low Poly Nature Pack/Meshes/PP_Lake_Ground_04.fbx
  artifactKey: Guid(38b178f6a1ea19f4baf761918779b712) Importer(2089858483,0ecaa5967403d082aa24f35e1b516d23)
Start importing Assets/ImportedAssets/Pure Poly/Free Low Poly Nature Pack/Meshes/PP_Lake_Ground_04.fbx using Guid(38b178f6a1ea19f4baf761918779b712) Importer(2089858483,0ecaa5967403d082aa24f35e1b516d23) [PhysX] Initialized MultithreadedTaskDispatcher with 16 workers.
 -> (artifact id: '031bddf120a26138abafe4fe951ecc72') in 0.015050 seconds
Number of updated asset objects reloaded before import = 0
Number of asset objects unloaded after import = 12
========================================================================
Received Import Request.
  Time since last request: 0.000034 seconds.
  path: Assets/ImportedAssets/Abiogenesis3d/Campfire/Prefabs/CampFire.prefab
  artifactKey: Guid(512a78e3c7342504ca0c5bba586249f5) Importer(2089858483,0ecaa5967403d082aa24f35e1b516d23)
Start importing Assets/ImportedAssets/Abiogenesis3d/Campfire/Prefabs/CampFire.prefab using Guid(512a78e3c7342504ca0c5bba586249f5) Importer(2089858483,0ecaa5967403d082aa24f35e1b516d23) [PhysX] Initialized MultithreadedTaskDispatcher with 16 workers.
 -> (artifact id: 'c3519524923ff9d83d46c8e338dbb8ad') in 0.177887 seconds
Number of updated asset objects reloaded before import = 0
Number of asset objects unloaded after import = 72
========================================================================
Received Import Request.
  Time since last request: 0.000045 seconds.
  path: Assets/ImportedAssets/Pure Poly/Free Low Poly Nature Pack/Prefabs/PP_Lake_Ground_04.prefab
  artifactKey: Guid(66072c42e7f38924f90a2ea3e36cc606) Importer(2089858483,0ecaa5967403d082aa24f35e1b516d23)
Start importing Assets/ImportedAssets/Pure Poly/Free Low Poly Nature Pack/Prefabs/PP_Lake_Ground_04.prefab using Guid(66072c42e7f38924f90a2ea3e36cc606) Importer(2089858483,0ecaa5967403d082aa24f35e1b516d23) [PhysX] Initialized MultithreadedTaskDispatcher with 16 workers.
 -> (artifact id: '23540dd2535fc865fa61a394548071fc') in 0.009565 seconds
Number of updated asset objects reloaded before import = 0
Number of asset objects unloaded after import = 14
========================================================================
Received Import Request.
  Time since last request: 0.000162 seconds.
  path: Assets/ImportedAssets/Pure Poly/Free Low Poly Nature Pack/Prefabs/PP_Grass_15.prefab
  artifactKey: Guid(b8217b9c1183a5144b666d1dd63980c4) Importer(2089858483,0ecaa5967403d082aa24f35e1b516d23)
Start importing Assets/ImportedAssets/Pure Poly/Free Low Poly Nature Pack/Prefabs/PP_Grass_15.prefab using Guid(b8217b9c1183a5144b666d1dd63980c4) Importer(2089858483,0ecaa5967403d082aa24f35e1b516d23) [PhysX] Initialized MultithreadedTaskDispatcher with 16 workers.
 -> (artifact id: '842ea12e93719ed6481a8f19430f55b6') in 0.010990 seconds
Number of updated asset objects reloaded before import = 0
Number of asset objects unloaded after import = 8
========================================================================
Received Import Request.
  Time since last request: 0.000019 seconds.
  path: Assets/ImportedAssets/Nanolod/Examples/Assets/Forest Dude/Material.mat
  artifactKey: Guid(8b62a575b1568465b960efd849054423) Importer(2089858483,0ecaa5967403d082aa24f35e1b516d23)
Start importing Assets/ImportedAssets/Nanolod/Examples/Assets/Forest Dude/Material.mat using Guid(8b62a575b1568465b960efd849054423) Importer(2089858483,0ecaa5967403d082aa24f35e1b516d23) [PhysX] Initialized MultithreadedTaskDispatcher with 16 workers.
 -> (artifact id: '53ab53c0ff62a810dca46981f4feef77') in 0.066997 seconds
Number of updated asset objects reloaded before import = 0
Number of asset objects unloaded after import = 3
========================================================================
Received Import Request.
  Time since last request: 0.000027 seconds.
  path: Assets/ImportedAssets/Pure Poly/Free Low Poly Nature Pack/Scenes/Demo_List.unity
  artifactKey: Guid(c5fac116710c5e743a2245d7f2e9ceea) Importer(2089858483,0ecaa5967403d082aa24f35e1b516d23)
Start importing Assets/ImportedAssets/Pure Poly/Free Low Poly Nature Pack/Scenes/Demo_List.unity using Guid(c5fac116710c5e743a2245d7f2e9ceea) Importer(2089858483,0ecaa5967403d082aa24f35e1b516d23) [PhysX] Initialized MultithreadedTaskDispatcher with 16 workers.
 -> (artifact id: 'aae7b6d3d9005b07b8a871cc20708757') in 0.004314 seconds
Number of updated asset objects reloaded before import = 0
Number of asset objects unloaded after import = 1
========================================================================
Received Import Request.
  Time since last request: 0.000082 seconds.
  path: Assets/ImportedAssets/Pure Poly/Free Low Poly Nature Pack/Prefabs/PP_Tree_10.prefab
  artifactKey: Guid(273b8f4150121d249ac7e2fd11da7005) Importer(2089858483,0ecaa5967403d082aa24f35e1b516d23)
Start importing Assets/ImportedAssets/Pure Poly/Free Low Poly Nature Pack/Prefabs/PP_Tree_10.prefab using Guid(273b8f4150121d249ac7e2fd11da7005) Importer(2089858483,0ecaa5967403d082aa24f35e1b516d23) [PhysX] Initialized MultithreadedTaskDispatcher with 16 workers.
 -> (artifact id: '9c32f2f506433abd601112dd53e40496') in 0.012623 seconds
Number of updated asset objects reloaded before import = 0
Number of asset objects unloaded after import = 8
========================================================================
Received Import Request.
  Time since last request: 0.000023 seconds.
  path: Assets/ImportedAssets/Pure Poly/Free Low Poly Nature Pack/Meshes/PP_Mushroom_Fantasy_Purple_05.fbx
  artifactKey: Guid(7259cce9d7302d44a8f8bf53cb1bc376) Importer(2089858483,0ecaa5967403d082aa24f35e1b516d23)
Start importing Assets/ImportedAssets/Pure Poly/Free Low Poly Nature Pack/Meshes/PP_Mushroom_Fantasy_Purple_05.fbx using Guid(7259cce9d7302d44a8f8bf53cb1bc376) Importer(2089858483,0ecaa5967403d082aa24f35e1b516d23) [PhysX] Initialized MultithreadedTaskDispatcher with 16 workers.
 -> (artifact id: '8d8f1fe2741891232c0752fdd3a66249') in 0.014255 seconds
Number of updated asset objects reloaded before import = 0
Number of asset objects unloaded after import = 7
========================================================================
Received Import Request.
  Time since last request: 0.000019 seconds.
  path: Assets/ImportedAssets/Pure Poly/Free Low Poly Nature Pack/Meshes/PP_Forest_Mountain_Moss_02.fbx
  artifactKey: Guid(0a4e8c0b5a685eb4394da10424e65a7a) Importer(2089858483,0ecaa5967403d082aa24f35e1b516d23)
Start importing Assets/ImportedAssets/Pure Poly/Free Low Poly Nature Pack/Meshes/PP_Forest_Mountain_Moss_02.fbx using Guid(0a4e8c0b5a685eb4394da10424e65a7a) Importer(2089858483,0ecaa5967403d082aa24f35e1b516d23) [PhysX] Initialized MultithreadedTaskDispatcher with 16 workers.
 -> (artifact id: 'e8fa6006fdec86831cfcc2b3f69f8f35') in 0.010538 seconds
Number of updated asset objects reloaded before import = 0
Number of asset objects unloaded after import = 7
========================================================================
Received Import Request.
  Time since last request: 0.000016 seconds.
  path: Assets/ImportedAssets/Pure Poly/Free Low Poly Nature Pack/Prefabs/PP_Cemetery_Pebbles_03.prefab
  artifactKey: Guid(5c275f0a80ca8b944a8f09323a57f90d) Importer(2089858483,0ecaa5967403d082aa24f35e1b516d23)
Start importing Assets/ImportedAssets/Pure Poly/Free Low Poly Nature Pack/Prefabs/PP_Cemetery_Pebbles_03.prefab using Guid(5c275f0a80ca8b944a8f09323a57f90d) Importer(2089858483,0ecaa5967403d082aa24f35e1b516d23) [PhysX] Initialized MultithreadedTaskDispatcher with 16 workers.
 -> (artifact id: '995e33738418b401f35d4ee92c6a10b5') in 0.010075 seconds
Number of updated asset objects reloaded before import = 0
Number of asset objects unloaded after import = 8
========================================================================
Received Import Request.
  Time since last request: 0.000018 seconds.
  path: Assets/ImportedAssets/Pure Poly/Free Low Poly Nature Pack/Meshes/PP_Bridge_15_Right.fbx
  artifactKey: Guid(744aa8bba65eed548a6a2430257acdfe) Importer(2089858483,0ecaa5967403d082aa24f35e1b516d23)
Start importing Assets/ImportedAssets/Pure Poly/Free Low Poly Nature Pack/Meshes/PP_Bridge_15_Right.fbx using Guid(744aa8bba65eed548a6a2430257acdfe) Importer(2089858483,0ecaa5967403d082aa24f35e1b516d23) [PhysX] Initialized MultithreadedTaskDispatcher with 16 workers.
 -> (artifact id: '4c97dd2f8275d21220ee40c1226f6c10') in 0.010594 seconds
Number of updated asset objects reloaded before import = 0
Number of asset objects unloaded after import = 7
========================================================================
Received Import Request.
  Time since last request: 0.000018 seconds.
  path: Assets/ImportedAssets/Pure Poly/Free Low Poly Nature Pack/Terrain/Terrain Layers/Cauliflower_Light_Brown.terrainlayer
  artifactKey: Guid(ce03e799b0ac1b048aed07affc0fbd52) Importer(2089858483,0ecaa5967403d082aa24f35e1b516d23)
Start importing Assets/ImportedAssets/Pure Poly/Free Low Poly Nature Pack/Terrain/Terrain Layers/Cauliflower_Light_Brown.terrainlayer using Guid(ce03e799b0ac1b048aed07affc0fbd52) Importer(2089858483,0ecaa5967403d082aa24f35e1b516d23) [PhysX] Initialized MultithreadedTaskDispatcher with 16 workers.
 -> (artifact id: '96579ce0f56be290fcd51442f90edda1') in 0.006047 seconds
Number of updated asset objects reloaded before import = 0
Number of asset objects unloaded after import = 3
========================================================================
Received Import Request.
  Time since last request: 0.000019 seconds.
  path: Assets/ImportedAssets/Pure Poly/Free Low Poly Nature Pack/Meshes/PP_Tree_02.fbx
  artifactKey: Guid(c6b568bf9e55de141add501b8cd2a0e9) Importer(2089858483,0ecaa5967403d082aa24f35e1b516d23)
Start importing Assets/ImportedAssets/Pure Poly/Free Low Poly Nature Pack/Meshes/PP_Tree_02.fbx using Guid(c6b568bf9e55de141add501b8cd2a0e9) Importer(2089858483,0ecaa5967403d082aa24f35e1b516d23) [PhysX] Initialized MultithreadedTaskDispatcher with 16 workers.
 -> (artifact id: '9c57f10ca972121a0da1557a03677f86') in 0.011566 seconds
Number of updated asset objects reloaded before import = 0
Number of asset objects unloaded after import = 7
========================================================================
Received Import Request.
  Time since last request: 0.000020 seconds.
  path: Assets/ImportedAssets/Pure Poly/Free Low Poly Nature Pack/Meshes/PP_Birch_Tree_05.fbx
  artifactKey: Guid(d721af70c8ba1ab4daa81f30de0dbb54) Importer(2089858483,0ecaa5967403d082aa24f35e1b516d23)
Start importing Assets/ImportedAssets/Pure Poly/Free Low Poly Nature Pack/Meshes/PP_Birch_Tree_05.fbx using Guid(d721af70c8ba1ab4daa81f30de0dbb54) Importer(2089858483,0ecaa5967403d082aa24f35e1b516d23) [PhysX] Initialized MultithreadedTaskDispatcher with 16 workers.
 -> (artifact id: 'fc321118f7f9a39debe822cea8b3bb60') in 0.009434 seconds
Number of updated asset objects reloaded before import = 0
Number of asset objects unloaded after import = 7
========================================================================
Received Import Request.
  Time since last request: 0.000247 seconds.
  path: Assets/ImportedAssets/Pure Poly/Free Low Poly Nature Pack/Scenes/Demo_Terrain.unity
  artifactKey: Guid(d2684f519e9bd994889e53af67337f6e) Importer(2089858483,0ecaa5967403d082aa24f35e1b516d23)
Start importing Assets/ImportedAssets/Pure Poly/Free Low Poly Nature Pack/Scenes/Demo_Terrain.unity using Guid(d2684f519e9bd994889e53af67337f6e) Importer(2089858483,0ecaa5967403d082aa24f35e1b516d23) [PhysX] Initialized MultithreadedTaskDispatcher with 16 workers.
 -> (artifact id: '65a29a5dd71715848dc688b276b8eda6') in 0.002786 seconds
Number of updated asset objects reloaded before import = 0
Number of asset objects unloaded after import = 1
========================================================================
Received Import Request.
  Time since last request: 0.000017 seconds.
  path: Assets/ImportedAssets/Nanolod/Binaries/Nanomesh.dll
  artifactKey: Guid(70da099d1f83dab43aec985d216b77e2) Importer(2089858483,0ecaa5967403d082aa24f35e1b516d23)
Start importing Assets/ImportedAssets/Nanolod/Binaries/Nanomesh.dll using Guid(70da099d1f83dab43aec985d216b77e2) Importer(2089858483,0ecaa5967403d082aa24f35e1b516d23) [PhysX] Initialized MultithreadedTaskDispatcher with 16 workers.
 -> (artifact id: '68e6131f31503bf6dc6fe0e9e93f63de') in 0.006338 seconds
Number of updated asset objects reloaded before import = 0
Number of asset objects unloaded after import = 1
========================================================================
Received Import Request.
  Time since last request: 0.000022 seconds.
  path: Assets/ImportedAssets/Pure Poly/Free Low Poly Nature Pack/Prefabs/PP_Bridge_15_Left.prefab
  artifactKey: Guid(80132865211c93040b97d23952be71f0) Importer(2089858483,0ecaa5967403d082aa24f35e1b516d23)
Start importing Assets/ImportedAssets/Pure Poly/Free Low Poly Nature Pack/Prefabs/PP_Bridge_15_Left.prefab using Guid(80132865211c93040b97d23952be71f0) Importer(2089858483,0ecaa5967403d082aa24f35e1b516d23) [PhysX] Initialized MultithreadedTaskDispatcher with 16 workers.
 -> (artifact id: 'ae436690b9ce8d2a693ccbb466ccbc9a') in 0.010475 seconds
Number of updated asset objects reloaded before import = 0
Number of asset objects unloaded after import = 8
========================================================================
Received Import Request.
  Time since last request: 0.000023 seconds.
  path: Assets/UnityTechnologies/SpaceRobotKyle/Textures/Robot_Normal.tga
  artifactKey: Guid(94c473c9137744d7eabd829f1150da8d) Importer(2089858483,0ecaa5967403d082aa24f35e1b516d23)
Start importing Assets/UnityTechnologies/SpaceRobotKyle/Textures/Robot_Normal.tga using Guid(94c473c9137744d7eabd829f1150da8d) Importer(2089858483,0ecaa5967403d082aa24f35e1b516d23) [PhysX] Initialized MultithreadedTaskDispatcher with 16 workers.
 -> (artifact id: '99d1b13c208202b45416b15cd06d4f1b') in 0.009051 seconds
Number of updated asset objects reloaded before import = 0
Number of asset objects unloaded after import = 1
========================================================================
Received Import Request.
  Time since last request: 0.000095 seconds.
  path: Assets/Scripts/SimpleDistanceCulling.cs
  artifactKey: Guid(597a0a1d3755cb34b81598716ab808ab) Importer(2089858483,0ecaa5967403d082aa24f35e1b516d23)
Start importing Assets/Scripts/SimpleDistanceCulling.cs using Guid(597a0a1d3755cb34b81598716ab808ab) Importer(2089858483,0ecaa5967403d082aa24f35e1b516d23) [PhysX] Initialized MultithreadedTaskDispatcher with 16 workers.
 -> (artifact id: '09b17800e791ccc11539142b0bdf8526') in 0.003523 seconds
Number of updated asset objects reloaded before import = 0
Number of asset objects unloaded after import = 1
========================================================================
Received Import Request.
  Time since last request: 0.000018 seconds.
  path: Assets/ImportedAssets/Abiogenesis3d/Campfire/README.md
  artifactKey: Guid(a93bf84955a94d141a21a619649e94c0) Importer(2089858483,0ecaa5967403d082aa24f35e1b516d23)
Start importing Assets/ImportedAssets/Abiogenesis3d/Campfire/README.md using Guid(a93bf84955a94d141a21a619649e94c0) Importer(2089858483,0ecaa5967403d082aa24f35e1b516d23) [PhysX] Initialized MultithreadedTaskDispatcher with 16 workers.
 -> (artifact id: '595e4e79a0eca399f8934089361ab34d') in 0.005561 seconds
Number of updated asset objects reloaded before import = 0
Number of asset objects unloaded after import = 1
========================================================================
Received Import Request.
  Time since last request: 0.000036 seconds.
  path: Assets/ImportedAssets/Pure Poly/Free Low Poly Nature Pack/Materials/PP_Standard_Material.mat
  artifactKey: Guid(0799a1e95665ef14f8fe2cbcd4ba3dc4) Importer(2089858483,0ecaa5967403d082aa24f35e1b516d23)
Start importing Assets/ImportedAssets/Pure Poly/Free Low Poly Nature Pack/Materials/PP_Standard_Material.mat using Guid(0799a1e95665ef14f8fe2cbcd4ba3dc4) Importer(2089858483,0ecaa5967403d082aa24f35e1b516d23) [PhysX] Initialized MultithreadedTaskDispatcher with 16 workers.
 -> (artifact id: 'ee2be554e98adbd97f1ba5e9c80bfdc4') in 0.006738 seconds
Number of updated asset objects reloaded before import = 0
Number of asset objects unloaded after import = 2
========================================================================
Received Import Request.
  Time since last request: 0.000026 seconds.
  path: Assets/ImportedAssets/Nanolod/Nanolod.asmdef
  artifactKey: Guid(77926c82de2364debab5082355addfb4) Importer(2089858483,0ecaa5967403d082aa24f35e1b516d23)
Start importing Assets/ImportedAssets/Nanolod/Nanolod.asmdef using Guid(77926c82de2364debab5082355addfb4) Importer(2089858483,0ecaa5967403d082aa24f35e1b516d23) [PhysX] Initialized MultithreadedTaskDispatcher with 16 workers.
 -> (artifact id: '46e4ae219997e771762097efe3c7819f') in 0.004842 seconds
Number of updated asset objects reloaded before import = 0
Number of asset objects unloaded after import = 1
========================================================================
Received Import Request.
  Time since last request: 0.000018 seconds.
  path: Assets/ImportedAssets/Pure Poly/Free Low Poly Nature Pack/Prefabs/PP_Meadow_Path_05.prefab
  artifactKey: Guid(d5b8de414112a004a82d0437b5f7a780) Importer(2089858483,0ecaa5967403d082aa24f35e1b516d23)
Start importing Assets/ImportedAssets/Pure Poly/Free Low Poly Nature Pack/Prefabs/PP_Meadow_Path_05.prefab using Guid(d5b8de414112a004a82d0437b5f7a780) Importer(2089858483,0ecaa5967403d082aa24f35e1b516d23) [PhysX] Initialized MultithreadedTaskDispatcher with 16 workers.
 -> (artifact id: 'afc7031d4afdb6ac54c5c3f9afe29712') in 0.008578 seconds
Number of updated asset objects reloaded before import = 0
Number of asset objects unloaded after import = 8
========================================================================
Received Import Request.
  Time since last request: 0.000020 seconds.
  path: Assets/UnityTechnologies/SpaceRobotKyle/Prefabs/Robot Kyle.prefab
  artifactKey: Guid(d079cd0e6137a44b58864c3a91ad119a) Importer(2089858483,0ecaa5967403d082aa24f35e1b516d23)
Start importing Assets/UnityTechnologies/SpaceRobotKyle/Prefabs/Robot Kyle.prefab using Guid(d079cd0e6137a44b58864c3a91ad119a) Importer(2089858483,0ecaa5967403d082aa24f35e1b516d23) [PhysX] Initialized MultithreadedTaskDispatcher with 16 workers.
 -> (artifact id: 'b81c5d5f927d7c7035e1396cd6e9b7b4') in 0.014776 seconds
Number of updated asset objects reloaded before import = 0
Number of asset objects unloaded after import = 108
========================================================================
Received Import Request.
  Time since last request: 0.000020 seconds.
  path: Assets/ImportedAssets/Nanolod/Examples/Precomputed/Precomputed.unity
  artifactKey: Guid(0a07a69aa48684202912c98dce9e889d) Importer(2089858483,0ecaa5967403d082aa24f35e1b516d23)
Start importing Assets/ImportedAssets/Nanolod/Examples/Precomputed/Precomputed.unity using Guid(0a07a69aa48684202912c98dce9e889d) Importer(2089858483,0ecaa5967403d082aa24f35e1b516d23) [PhysX] Initialized MultithreadedTaskDispatcher with 16 workers.
 -> (artifact id: 'f77811fc25da807c928fdfa5da21aad3') in 0.002820 seconds
Number of updated asset objects reloaded before import = 0
Number of asset objects unloaded after import = 1
========================================================================
Received Import Request.
  Time since last request: 0.000026 seconds.
  path: Assets/ImportedAssets/Pure Poly/Free Low Poly Nature Pack/Terrain/Terrain Layers/Pebbles_Light_Brown_Ground.terrainlayer
  artifactKey: Guid(fbaf14d7b47408946a0ba41aceccca86) Importer(2089858483,0ecaa5967403d082aa24f35e1b516d23)
Start importing Assets/ImportedAssets/Pure Poly/Free Low Poly Nature Pack/Terrain/Terrain Layers/Pebbles_Light_Brown_Ground.terrainlayer using Guid(fbaf14d7b47408946a0ba41aceccca86) Importer(2089858483,0ecaa5967403d082aa24f35e1b516d23) [PhysX] Initialized MultithreadedTaskDispatcher with 16 workers.
 -> (artifact id: 'a1748b7af8f9e1549ebfbd1eb4cb1859') in 0.007027 seconds
Number of updated asset objects reloaded before import = 0
Number of asset objects unloaded after import = 3
========================================================================
Received Import Request.
  Time since last request: 0.000019 seconds.
  path: Assets/ImportedAssets/Pure Poly/Free Low Poly Nature Pack/Prefabs/PP_Floor_Tile_15.prefab
  artifactKey: Guid(fc4d86c7cb6c1b14c8ff23151b68f29f) Importer(2089858483,0ecaa5967403d082aa24f35e1b516d23)
Start importing Assets/ImportedAssets/Pure Poly/Free Low Poly Nature Pack/Prefabs/PP_Floor_Tile_15.prefab using Guid(fc4d86c7cb6c1b14c8ff23151b68f29f) Importer(2089858483,0ecaa5967403d082aa24f35e1b516d23) [PhysX] Initialized MultithreadedTaskDispatcher with 16 workers.
 -> (artifact id: 'cae01af0e36ab452e973012ba3a85db0') in 0.008150 seconds
Number of updated asset objects reloaded before import = 0
Number of asset objects unloaded after import = 8
========================================================================
Received Import Request.
  Time since last request: 0.000019 seconds.
  path: Assets/ImportedAssets/Pure Poly/Free Low Poly Nature Pack/Meshes/PP_Grass_11.fbx
  artifactKey: Guid(b50dd34feb8fa1b4fa5aa0a7d2271066) Importer(2089858483,0ecaa5967403d082aa24f35e1b516d23)
Start importing Assets/ImportedAssets/Pure Poly/Free Low Poly Nature Pack/Meshes/PP_Grass_11.fbx using Guid(b50dd34feb8fa1b4fa5aa0a7d2271066) Importer(2089858483,0ecaa5967403d082aa24f35e1b516d23) [PhysX] Initialized MultithreadedTaskDispatcher with 16 workers.
 -> (artifact id: 'd5e7ee448196de0181c63db5db2c2fb1') in 0.010348 seconds
Number of updated asset objects reloaded before import = 0
Number of asset objects unloaded after import = 7
========================================================================
Received Import Request.
  Time since last request: 0.000038 seconds.
  path: Assets/ImportedAssets/Pure Poly/Free Low Poly Nature Pack/Prefabs/PP_Mushroom_Fantasy_Purple_05.prefab
  artifactKey: Guid(d354c41a99993964baca0254487708d1) Importer(2089858483,0ecaa5967403d082aa24f35e1b516d23)
Start importing Assets/ImportedAssets/Pure Poly/Free Low Poly Nature Pack/Prefabs/PP_Mushroom_Fantasy_Purple_05.prefab using Guid(d354c41a99993964baca0254487708d1) Importer(2089858483,0ecaa5967403d082aa24f35e1b516d23) [PhysX] Initialized MultithreadedTaskDispatcher with 16 workers.
 -> (artifact id: 'f71739a07b6911def9e82c298b8d63ec') in 0.008980 seconds
Number of updated asset objects reloaded before import = 0
Number of asset objects unloaded after import = 8
========================================================================
Received Import Request.
  Time since last request: 0.000019 seconds.
  path: Assets/ImportedAssets/Pure Poly/Free Low Poly Nature Pack/Prefabs/PP_Rock_Moss_Grown_09.prefab
  artifactKey: Guid(24457fdf8e66c3c49b7599931e0fdcb2) Importer(2089858483,0ecaa5967403d082aa24f35e1b516d23)
Start importing Assets/ImportedAssets/Pure Poly/Free Low Poly Nature Pack/Prefabs/PP_Rock_Moss_Grown_09.prefab using Guid(24457fdf8e66c3c49b7599931e0fdcb2) Importer(2089858483,0ecaa5967403d082aa24f35e1b516d23) [PhysX] Initialized MultithreadedTaskDispatcher with 16 workers.
 -> (artifact id: 'f1f0be0a943fd54a5442213e84ad3f85') in 0.008991 seconds
Number of updated asset objects reloaded before import = 0
Number of asset objects unloaded after import = 8
========================================================================
Received Import Request.
  Time since last request: 0.000019 seconds.
  path: Assets/ImportedAssets/Pure Poly/Free Low Poly Nature Pack/Prefabs/PP_Meadow_08.prefab
  artifactKey: Guid(7baba197ce36c92439b423eabaad3737) Importer(2089858483,0ecaa5967403d082aa24f35e1b516d23)
Start importing Assets/ImportedAssets/Pure Poly/Free Low Poly Nature Pack/Prefabs/PP_Meadow_08.prefab using Guid(7baba197ce36c92439b423eabaad3737) Importer(2089858483,0ecaa5967403d082aa24f35e1b516d23) [PhysX] Initialized MultithreadedTaskDispatcher with 16 workers.
 -> (artifact id: 'd6b4263a6a836d57cde05ce441de1227') in 0.011845 seconds
Number of updated asset objects reloaded before import = 0
Number of asset objects unloaded after import = 8
========================================================================
Received Import Request.
  Time since last request: 0.000021 seconds.
  path: Assets/ImportedAssets/Pure Poly/Free Low Poly Nature Pack/Terrain/Terrain Layers/Flatstones_Brown.terrainlayer
  artifactKey: Guid(119f483026e539d4ca09991961ad8bad) Importer(2089858483,0ecaa5967403d082aa24f35e1b516d23)
Start importing Assets/ImportedAssets/Pure Poly/Free Low Poly Nature Pack/Terrain/Terrain Layers/Flatstones_Brown.terrainlayer using Guid(119f483026e539d4ca09991961ad8bad) Importer(2089858483,0ecaa5967403d082aa24f35e1b516d23) [PhysX] Initialized MultithreadedTaskDispatcher with 16 workers.
 -> (artifact id: 'e16065fe42bfab508b692a27b931218a') in 0.007402 seconds
Number of updated asset objects reloaded before import = 0
Number of asset objects unloaded after import = 3
========================================================================
Received Import Request.
  Time since last request: 0.000019 seconds.
  path: Assets/ImportedAssets/Pure Poly/Free Low Poly Nature Pack/Meshes/PP_Meadow_08.fbx
  artifactKey: Guid(08eefc2f613faa34fbb717ac2142af0a) Importer(2089858483,0ecaa5967403d082aa24f35e1b516d23)
Start importing Assets/ImportedAssets/Pure Poly/Free Low Poly Nature Pack/Meshes/PP_Meadow_08.fbx using Guid(08eefc2f613faa34fbb717ac2142af0a) Importer(2089858483,0ecaa5967403d082aa24f35e1b516d23) [PhysX] Initialized MultithreadedTaskDispatcher with 16 workers.
 -> (artifact id: 'd05e90e57955ef72671a8e2b0abcad9c') in 0.009853 seconds
Number of updated asset objects reloaded before import = 0
Number of asset objects unloaded after import = 7
========================================================================
Received Import Request.
  Time since last request: 0.000029 seconds.
  path: Assets/ImportedAssets/Pure Poly/Free Low Poly Nature Pack/Prefabs/PP_Small_Fence_04.prefab
  artifactKey: Guid(6ab7aba6a12a8524ba474c533f2a2ce8) Importer(2089858483,0ecaa5967403d082aa24f35e1b516d23)
Start importing Assets/ImportedAssets/Pure Poly/Free Low Poly Nature Pack/Prefabs/PP_Small_Fence_04.prefab using Guid(6ab7aba6a12a8524ba474c533f2a2ce8) Importer(2089858483,0ecaa5967403d082aa24f35e1b516d23) [PhysX] Initialized MultithreadedTaskDispatcher with 16 workers.
 -> (artifact id: '3c56912a16ba9f1811498db4678bb548') in 0.011853 seconds
Number of updated asset objects reloaded before import = 0
Number of asset objects unloaded after import = 8
========================================================================
Received Import Request.
  Time since last request: 0.000026 seconds.
  path: Assets/ImportedAssets/Pure Poly/Free Low Poly Nature Pack/Materials/PP_Ground.mat
  artifactKey: Guid(2f984dd1b63fbc24abdd916834492e6e) Importer(2089858483,0ecaa5967403d082aa24f35e1b516d23)
Start importing Assets/ImportedAssets/Pure Poly/Free Low Poly Nature Pack/Materials/PP_Ground.mat using Guid(2f984dd1b63fbc24abdd916834492e6e) Importer(2089858483,0ecaa5967403d082aa24f35e1b516d23) [PhysX] Initialized MultithreadedTaskDispatcher with 16 workers.
 -> (artifact id: '1d1426187e1d0d60a07cd70dc58ea88e') in 0.004864 seconds
Number of updated asset objects reloaded before import = 0
Number of asset objects unloaded after import = 1
========================================================================
Received Import Request.
  Time since last request: 0.000023 seconds.
  path: Assets/ImportedAssets/Pure Poly/Free Low Poly Nature Pack/Terrain/Terrain.asset
  artifactKey: Guid(76e97499b1ea8324f966ff52961e77a8) Importer(2089858483,0ecaa5967403d082aa24f35e1b516d23)
Start importing Assets/ImportedAssets/Pure Poly/Free Low Poly Nature Pack/Terrain/Terrain.asset using Guid(76e97499b1ea8324f966ff52961e77a8) Importer(2089858483,0ecaa5967403d082aa24f35e1b516d23) [PhysX] Initialized MultithreadedTaskDispatcher with 16 workers.
 -> (artifact id: '6624d779d4ffed3563f39dd9c7dd64ee') in 0.195045 seconds
Number of updated asset objects reloaded before import = 0
Number of asset objects unloaded after import = 4
========================================================================
Received Import Request.
  Time since last request: 0.000029 seconds.
  path: Assets/ImportedAssets/Pure Poly/Free Low Poly Nature Pack/Terrain/Terrain_Textures/PP_Ground_Light_Brown.png
  artifactKey: Guid(ec17404f5eb4a49499f8eb193584c083) Importer(2089858483,0ecaa5967403d082aa24f35e1b516d23)
Start importing Assets/ImportedAssets/Pure Poly/Free Low Poly Nature Pack/Terrain/Terrain_Textures/PP_Ground_Light_Brown.png using Guid(ec17404f5eb4a49499f8eb193584c083) Importer(2089858483,0ecaa5967403d082aa24f35e1b516d23) [PhysX] Initialized MultithreadedTaskDispatcher with 16 workers.
 -> (artifact id: '976ca3781b9cf36a6b675f7f3f311808') in 0.017202 seconds
Number of updated asset objects reloaded before import = 0
Number of asset objects unloaded after import = 1
========================================================================
Received Import Request.
  Time since last request: 0.000033 seconds.
  path: Assets/ImportedAssets/Pure Poly/Free Low Poly Nature Pack/Terrain/Terrain_Textures/PP_Ground_Mid_Brown.png
  artifactKey: Guid(c04985cef181f7344873d19be2f65aa7) Importer(2089858483,0ecaa5967403d082aa24f35e1b516d23)
Start importing Assets/ImportedAssets/Pure Poly/Free Low Poly Nature Pack/Terrain/Terrain_Textures/PP_Ground_Mid_Brown.png using Guid(c04985cef181f7344873d19be2f65aa7) Importer(2089858483,0ecaa5967403d082aa24f35e1b516d23) [PhysX] Initialized MultithreadedTaskDispatcher with 16 workers.
 -> (artifact id: '48c2efae940440098097eb204b37e897') in 0.008083 seconds
Number of updated asset objects reloaded before import = 0
Number of asset objects unloaded after import = 1
========================================================================
Received Import Request.
  Time since last request: 0.000020 seconds.
  path: Assets/ImportedAssets/ModularFirstPersonController/DemoScene/Gridbox Prototype Materials/Resources/Textures/Prototype Grid/prototype_512x512_blue1.png
  artifactKey: Guid(44cced520ecfd9f4292979a4fe8268c4) Importer(2089858483,0ecaa5967403d082aa24f35e1b516d23)
Start importing Assets/ImportedAssets/ModularFirstPersonController/DemoScene/Gridbox Prototype Materials/Resources/Textures/Prototype Grid/prototype_512x512_blue1.png using Guid(44cced520ecfd9f4292979a4fe8268c4) Importer(2089858483,0ecaa5967403d082aa24f35e1b516d23) [PhysX] Initialized MultithreadedTaskDispatcher with 16 workers.
 -> (artifact id: '63343b55550655b1b4691ec88efc20ac') in 0.008305 seconds
Number of updated asset objects reloaded before import = 0
Number of asset objects unloaded after import = 1
========================================================================
Received Import Request.
  Time since last request: 0.000017 seconds.
  path: Assets/ImportedAssets/ModularFirstPersonController/DemoScene/Gridbox Prototype Materials/Resources/Textures/Prototype Grid/prototype_512x512_grey3.png
  artifactKey: Guid(d9c0dd5cdac07b145be73329e489869a) Importer(2089858483,0ecaa5967403d082aa24f35e1b516d23)
Start importing Assets/ImportedAssets/ModularFirstPersonController/DemoScene/Gridbox Prototype Materials/Resources/Textures/Prototype Grid/prototype_512x512_grey3.png using Guid(d9c0dd5cdac07b145be73329e489869a) Importer(2089858483,0ecaa5967403d082aa24f35e1b516d23) [PhysX] Initialized MultithreadedTaskDispatcher with 16 workers.
 -> (artifact id: 'd0b14d5c8ea5c178f3e5f2e79d764523') in 0.013834 seconds
Number of updated asset objects reloaded before import = 0
Number of asset objects unloaded after import = 1
========================================================================
Received Import Request.
  Time since last request: 0.000024 seconds.
  path: Assets/ImportedAssets/ModularFirstPersonController/DemoScene/Gridbox Prototype Materials/Resources/Textures/Prototype Grid/prototype_512x512_red.png
  artifactKey: Guid(3d6064e2e1cd7214e9f67f3a68f494fb) Importer(2089858483,0ecaa5967403d082aa24f35e1b516d23)
Start importing Assets/ImportedAssets/ModularFirstPersonController/DemoScene/Gridbox Prototype Materials/Resources/Textures/Prototype Grid/prototype_512x512_red.png using Guid(3d6064e2e1cd7214e9f67f3a68f494fb) Importer(2089858483,0ecaa5967403d082aa24f35e1b516d23) [PhysX] Initialized MultithreadedTaskDispatcher with 16 workers.
 -> (artifact id: 'e54c4b548d525bae80f17dad1c2ccbe2') in 0.011216 seconds
Number of updated asset objects reloaded before import = 0
Number of asset objects unloaded after import = 1
========================================================================
Received Import Request.
  Time since last request: 0.000017 seconds.
  path: Assets/ImportedAssets/ModularFirstPersonController/DemoScene/Gridbox Prototype Materials/Resources/Textures/Prototype Grid/prototype_512x512_yellow.png
  artifactKey: Guid(ee12d2bc9f5c8554d97d5beb9dc4b275) Importer(2089858483,0ecaa5967403d082aa24f35e1b516d23)
Start importing Assets/ImportedAssets/ModularFirstPersonController/DemoScene/Gridbox Prototype Materials/Resources/Textures/Prototype Grid/prototype_512x512_yellow.png using Guid(ee12d2bc9f5c8554d97d5beb9dc4b275) Importer(2089858483,0ecaa5967403d082aa24f35e1b516d23) [PhysX] Initialized MultithreadedTaskDispatcher with 16 workers.
 -> (artifact id: '8df806fe4323c7779a98b98d2a676cb0') in 0.008007 seconds
Number of updated asset objects reloaded before import = 0
Number of asset objects unloaded after import = 1
========================================================================
Received Import Request.
  Time since last request: 0.000024 seconds.
  path: Assets/ImportedAssets/Pure Poly/Free Low Poly Nature Pack/Terrain/Terrain_Textures/PP_Pebbles_Normal.png
  artifactKey: Guid(de583d50f4424df4eb77053c6ec99bd4) Importer(2089858483,0ecaa5967403d082aa24f35e1b516d23)
Start importing Assets/ImportedAssets/Pure Poly/Free Low Poly Nature Pack/Terrain/Terrain_Textures/PP_Pebbles_Normal.png using Guid(de583d50f4424df4eb77053c6ec99bd4) Importer(2089858483,0ecaa5967403d082aa24f35e1b516d23) [PhysX] Initialized MultithreadedTaskDispatcher with 16 workers.
 -> (artifact id: '2537cf92fac8fee694098ef5d9bcf0d6') in 0.014694 seconds
Number of updated asset objects reloaded before import = 0
Number of asset objects unloaded after import = 1
========================================================================
Received Import Request.
  Time since last request: 0.000032 seconds.
  path: Assets/ImportedAssets/ModularFirstPersonController/DemoScene/Gridbox Prototype Materials/Resources/Materials/Prototype Grid/Prototype_512x512_Grey3.mat
  artifactKey: Guid(17c44fb3e5be9644586a0728a5f5a386) Importer(2089858483,0ecaa5967403d082aa24f35e1b516d23)
Start importing Assets/ImportedAssets/ModularFirstPersonController/DemoScene/Gridbox Prototype Materials/Resources/Materials/Prototype Grid/Prototype_512x512_Grey3.mat using Guid(17c44fb3e5be9644586a0728a5f5a386) Importer(2089858483,0ecaa5967403d082aa24f35e1b516d23) [PhysX] Initialized MultithreadedTaskDispatcher with 16 workers.
 -> (artifact id: 'f3918106de42b32c18005f7af1539c3a') in 0.006145 seconds
Number of updated asset objects reloaded before import = 0
Number of asset objects unloaded after import = 2
========================================================================
Received Import Request.
  Time since last request: 0.000016 seconds.
  path: Assets/ImportedAssets/ModularFirstPersonController/DemoScene/Gridbox Prototype Materials/Resources/Materials/Prototype Grid/Prototype_512x512_Blue2.mat
  artifactKey: Guid(5e148de6cdf2d164aa3e3f90ce8c852c) Importer(2089858483,0ecaa5967403d082aa24f35e1b516d23)
Start importing Assets/ImportedAssets/ModularFirstPersonController/DemoScene/Gridbox Prototype Materials/Resources/Materials/Prototype Grid/Prototype_512x512_Blue2.mat using Guid(5e148de6cdf2d164aa3e3f90ce8c852c) Importer(2089858483,0ecaa5967403d082aa24f35e1b516d23) [PhysX] Initialized MultithreadedTaskDispatcher with 16 workers.
 -> (artifact id: 'bcd641b106c3d380ba17e5d3c57392bd') in 0.009731 seconds
Number of updated asset objects reloaded before import = 0
Number of asset objects unloaded after import = 2
========================================================================
Received Import Request.
  Time since last request: 0.000054 seconds.
  path: Assets/ImportedAssets/ModularFirstPersonController/DemoScene/Gridbox Prototype Materials/Resources/Materials/Prototype Grid/Prototype_512x512_White.mat
  artifactKey: Guid(aeee7071bea0a4c478b4fea5933c5f79) Importer(2089858483,0ecaa5967403d082aa24f35e1b516d23)
Start importing Assets/ImportedAssets/ModularFirstPersonController/DemoScene/Gridbox Prototype Materials/Resources/Materials/Prototype Grid/Prototype_512x512_White.mat using Guid(aeee7071bea0a4c478b4fea5933c5f79) Importer(2089858483,0ecaa5967403d082aa24f35e1b516d23) [PhysX] Initialized MultithreadedTaskDispatcher with 16 workers.
 -> (artifact id: 'cc4654aa849438627f3e63bdfa080b02') in 0.009200 seconds
Number of updated asset objects reloaded before import = 0
Number of asset objects unloaded after import = 2
========================================================================
Received Import Request.
  Time since last request: 0.000023 seconds.
  path: Assets/ImportedAssets/ModularFirstPersonController/DemoScene/Gridbox Prototype Materials/Resources/Materials/Prototype Grid/Prototype_512x512_Red.mat
  artifactKey: Guid(5a26de236ce89e94b963be8fa2b7ade6) Importer(2089858483,0ecaa5967403d082aa24f35e1b516d23)
Start importing Assets/ImportedAssets/ModularFirstPersonController/DemoScene/Gridbox Prototype Materials/Resources/Materials/Prototype Grid/Prototype_512x512_Red.mat using Guid(5a26de236ce89e94b963be8fa2b7ade6) Importer(2089858483,0ecaa5967403d082aa24f35e1b516d23) [PhysX] Initialized MultithreadedTaskDispatcher with 16 workers.
 -> (artifact id: '606c5a451316318ebd53b850ce079744') in 0.015370 seconds
Number of updated asset objects reloaded before import = 0
Number of asset objects unloaded after import = 2
========================================================================
Received Import Request.
  Time since last request: 0.000026 seconds.
  path: Assets/ImportedAssets/ModularFirstPersonController/DemoScene/Gridbox Prototype Materials/Resources/Materials/Prototype Grid/Prototype_512x512_Cyan.mat
  artifactKey: Guid(cba66c276aed0874091de1c33eb3950d) Importer(2089858483,0ecaa5967403d082aa24f35e1b516d23)
Start importing Assets/ImportedAssets/ModularFirstPersonController/DemoScene/Gridbox Prototype Materials/Resources/Materials/Prototype Grid/Prototype_512x512_Cyan.mat using Guid(cba66c276aed0874091de1c33eb3950d) Importer(2089858483,0ecaa5967403d082aa24f35e1b516d23) [PhysX] Initialized MultithreadedTaskDispatcher with 16 workers.
 -> (artifact id: '6f6c5429119883e5c50218f0e82ce36a') in 0.008644 seconds
Number of updated asset objects reloaded before import = 0
Number of asset objects unloaded after import = 2
========================================================================
Received Import Request.
  Time since last request: 0.000019 seconds.
  path: Assets/ImportedAssets/ModularFirstPersonController/DemoScene/Gridbox Prototype Materials/Resources/Materials/Prototype Grid/Prototype_512x512_Brown.mat
  artifactKey: Guid(a54b7ad866d3a9b47bbf3b53baa0acc4) Importer(2089858483,0ecaa5967403d082aa24f35e1b516d23)
Start importing Assets/ImportedAssets/ModularFirstPersonController/DemoScene/Gridbox Prototype Materials/Resources/Materials/Prototype Grid/Prototype_512x512_Brown.mat using Guid(a54b7ad866d3a9b47bbf3b53baa0acc4) Importer(2089858483,0ecaa5967403d082aa24f35e1b516d23) [PhysX] Initialized MultithreadedTaskDispatcher with 16 workers.
 -> (artifact id: '839bc6d9175b50a6f0efed4b57c2294f') in 0.028945 seconds
Number of updated asset objects reloaded before import = 0
Number of asset objects unloaded after import = 2
========================================================================
Received Import Request.
  Time since last request: 0.000017 seconds.
  path: Assets/ImportedAssets/ModularFirstPersonController/DemoScene/Gridbox Prototype Materials/Resources/Textures/Prototype Grid/prototype_512x512_grey1.png
  artifactKey: Guid(dd29f35641da38647a1eeb1028211f1a) Importer(2089858483,0ecaa5967403d082aa24f35e1b516d23)
Start importing Assets/ImportedAssets/ModularFirstPersonController/DemoScene/Gridbox Prototype Materials/Resources/Textures/Prototype Grid/prototype_512x512_grey1.png using Guid(dd29f35641da38647a1eeb1028211f1a) Importer(2089858483,0ecaa5967403d082aa24f35e1b516d23) [PhysX] Initialized MultithreadedTaskDispatcher with 16 workers.
 -> (artifact id: '44770e7b61e48fe48fd4a076849fd497') in 0.017937 seconds
Number of updated asset objects reloaded before import = 0
Number of asset objects unloaded after import = 1
========================================================================
Received Import Request.
  Time since last request: 0.000075 seconds.
  path: Assets/ImportedAssets/ModularFirstPersonController/DemoScene/Gridbox Prototype Materials/Resources/Materials/Prototype Grid/Prototype_512x512_Purple.mat
  artifactKey: Guid(36bce9ab6cae8ce43962938466458044) Importer(2089858483,0ecaa5967403d082aa24f35e1b516d23)
Start importing Assets/ImportedAssets/ModularFirstPersonController/DemoScene/Gridbox Prototype Materials/Resources/Materials/Prototype Grid/Prototype_512x512_Purple.mat using Guid(36bce9ab6cae8ce43962938466458044) Importer(2089858483,0ecaa5967403d082aa24f35e1b516d23) [PhysX] Initialized MultithreadedTaskDispatcher with 16 workers.
 -> (artifact id: '0fd4a2c2754aba02e9ed7415d1847831') in 0.019432 seconds
Number of updated asset objects reloaded before import = 0
Number of asset objects unloaded after import = 2
========================================================================
Received Import Request.
  Time since last request: 0.000016 seconds.
  path: Assets/ImportedAssets/ModularFirstPersonController/DemoScene/Gridbox Prototype Materials/Resources/Textures/Prototype Grid/prototype_512x512_orange.png
  artifactKey: Guid(fe3e0a556829be24bb87c912d79e872d) Importer(2089858483,0ecaa5967403d082aa24f35e1b516d23)
Start importing Assets/ImportedAssets/ModularFirstPersonController/DemoScene/Gridbox Prototype Materials/Resources/Textures/Prototype Grid/prototype_512x512_orange.png using Guid(fe3e0a556829be24bb87c912d79e872d) Importer(2089858483,0ecaa5967403d082aa24f35e1b516d23) [PhysX] Initialized MultithreadedTaskDispatcher with 16 workers.
 -> (artifact id: '251b09d6c0bc744d41a6691318dba59e') in 0.007691 seconds
Number of updated asset objects reloaded before import = 0
Number of asset objects unloaded after import = 1
========================================================================
Received Import Request.
  Time since last request: 0.000062 seconds.
  path: Assets/Scripts/SceneSwitcher.cs
  artifactKey: Guid(a60d679973e19af4c893586b832c437f) Importer(2089858483,0ecaa5967403d082aa24f35e1b516d23)
Start importing Assets/Scripts/SceneSwitcher.cs using Guid(a60d679973e19af4c893586b832c437f) Importer(2089858483,0ecaa5967403d082aa24f35e1b516d23) [PhysX] Initialized MultithreadedTaskDispatcher with 16 workers.
 -> (artifact id: '65beee26c5bab6ea2bb76c95484707cb') in 0.003187 seconds
Number of updated asset objects reloaded before import = 0
Number of asset objects unloaded after import = 1
========================================================================
Received Import Request.
  Time since last request: 0.000015 seconds.
  path: Assets/ImportedAssets/Abiogenesis3d/Campfire/Prefabs/Fire.prefab
  artifactKey: Guid(31aceaa67b944d9468443321f7abca88) Importer(2089858483,0ecaa5967403d082aa24f35e1b516d23)
Start importing Assets/ImportedAssets/Abiogenesis3d/Campfire/Prefabs/Fire.prefab using Guid(31aceaa67b944d9468443321f7abca88) Importer(2089858483,0ecaa5967403d082aa24f35e1b516d23) [PhysX] Initialized MultithreadedTaskDispatcher with 16 workers.
 -> (artifact id: '5ff2f1a61599c936657f0d583973944a') in 0.058511 seconds
Number of updated asset objects reloaded before import = 0
Number of asset objects unloaded after import = 6
========================================================================
Received Import Request.
  Time since last request: 0.000029 seconds.
  path: Assets/ImportedAssets/Pure Poly/Free Low Poly Nature Pack/Terrain/Terrain_Textures/PP_Flatstone_Grey.png
  artifactKey: Guid(d9f09ddc110185f4399b649cd685fb6c) Importer(2089858483,0ecaa5967403d082aa24f35e1b516d23)
Start importing Assets/ImportedAssets/Pure Poly/Free Low Poly Nature Pack/Terrain/Terrain_Textures/PP_Flatstone_Grey.png using Guid(d9f09ddc110185f4399b649cd685fb6c) Importer(2089858483,0ecaa5967403d082aa24f35e1b516d23) [PhysX] Initialized MultithreadedTaskDispatcher with 16 workers.
 -> (artifact id: 'dd4ab168f1d57785f9995798639d66a2') in 0.009802 seconds
Number of updated asset objects reloaded before import = 0
Number of asset objects unloaded after import = 1
========================================================================
Received Import Request.
  Time since last request: 0.000017 seconds.
  path: Assets/ImportedAssets/Pure Poly/Free Low Poly Nature Pack/Meshes/PP_Tree_10.fbx
  artifactKey: Guid(a3ccb41ae53c6bf4bb0a5bfc470bf069) Importer(2089858483,0ecaa5967403d082aa24f35e1b516d23)
Start importing Assets/ImportedAssets/Pure Poly/Free Low Poly Nature Pack/Meshes/PP_Tree_10.fbx using Guid(a3ccb41ae53c6bf4bb0a5bfc470bf069) Importer(2089858483,0ecaa5967403d082aa24f35e1b516d23) [PhysX] Initialized MultithreadedTaskDispatcher with 16 workers.
 -> (artifact id: '7619bed8d2b74f8bbf1a366485da3fb6') in 0.008038 seconds
Number of updated asset objects reloaded before import = 0
Number of asset objects unloaded after import = 7
========================================================================
Received Import Request.
  Time since last request: 0.000017 seconds.
  path: Assets/ImportedAssets/Pure Poly/Free Low Poly Nature Pack/Prefabs/PP_Birch_Tree_06.prefab
  artifactKey: Guid(a2bd798ea40c7e341aa61ad124d95342) Importer(2089858483,0ecaa5967403d082aa24f35e1b516d23)
Start importing Assets/ImportedAssets/Pure Poly/Free Low Poly Nature Pack/Prefabs/PP_Birch_Tree_06.prefab using Guid(a2bd798ea40c7e341aa61ad124d95342) Importer(2089858483,0ecaa5967403d082aa24f35e1b516d23) [PhysX] Initialized MultithreadedTaskDispatcher with 16 workers.
 -> (artifact id: '0e072694f28f80dc23aea687286bb03e') in 0.009610 seconds
Number of updated asset objects reloaded before import = 0
Number of asset objects unloaded after import = 8
========================================================================
Received Import Request.
  Time since last request: 0.000021 seconds.
  path: Assets/ImportedAssets/Abiogenesis3d/Shared/Camera/TopDownAudioListener.cs
  artifactKey: Guid(b7c48887840e0734cb95115529a7696f) Importer(2089858483,0ecaa5967403d082aa24f35e1b516d23)
Start importing Assets/ImportedAssets/Abiogenesis3d/Shared/Camera/TopDownAudioListener.cs using Guid(b7c48887840e0734cb95115529a7696f) Importer(2089858483,0ecaa5967403d082aa24f35e1b516d23) [PhysX] Initialized MultithreadedTaskDispatcher with 16 workers.
 -> (artifact id: '04c67b897782579f3de2e5b35da8e983') in 0.004012 seconds
Number of updated asset objects reloaded before import = 0
Number of asset objects unloaded after import = 1
========================================================================
Received Import Request.
  Time since last request: 0.000016 seconds.
  path: Assets/ImportedAssets/ModularFirstPersonController/DemoScene/Gridbox Prototype Materials/Resources/Materials/Prototype Grid/Prototype_512x512_Grey1.mat
  artifactKey: Guid(c181c23a6120fbe4aadd5bb53a58dd78) Importer(2089858483,0ecaa5967403d082aa24f35e1b516d23)
Start importing Assets/ImportedAssets/ModularFirstPersonController/DemoScene/Gridbox Prototype Materials/Resources/Materials/Prototype Grid/Prototype_512x512_Grey1.mat using Guid(c181c23a6120fbe4aadd5bb53a58dd78) Importer(2089858483,0ecaa5967403d082aa24f35e1b516d23) [PhysX] Initialized MultithreadedTaskDispatcher with 16 workers.
 -> (artifact id: '591df3a6ac314d209cc20ed572decb34') in 0.025874 seconds
Number of updated asset objects reloaded before import = 0
Number of asset objects unloaded after import = 2
========================================================================
Received Import Request.
  Time since last request: 0.000016 seconds.
  path: Assets/ImportedAssets/Pure Poly/Free Low Poly Nature Pack/Meshes/PP_Cemetery_Pebbles_03.fbx
  artifactKey: Guid(179bfebe2ecaaf34790ae760609a939b) Importer(2089858483,0ecaa5967403d082aa24f35e1b516d23)
Start importing Assets/ImportedAssets/Pure Poly/Free Low Poly Nature Pack/Meshes/PP_Cemetery_Pebbles_03.fbx using Guid(179bfebe2ecaaf34790ae760609a939b) Importer(2089858483,0ecaa5967403d082aa24f35e1b516d23) [PhysX] Initialized MultithreadedTaskDispatcher with 16 workers.
 -> (artifact id: '5d41b91cfef1716d273f74315b1e4397') in 0.008914 seconds
Number of updated asset objects reloaded before import = 0
Number of asset objects unloaded after import = 7
========================================================================
Received Import Request.
  Time since last request: 0.000022 seconds.
  path: Assets/ImportedAssets/Pure Poly/Free Low Poly Nature Pack/Meshes/PP_Mushroom_Fantasy_Purple_08.fbx
  artifactKey: Guid(6aac2ae04e9a93646918391471e1a564) Importer(2089858483,0ecaa5967403d082aa24f35e1b516d23)
Start importing Assets/ImportedAssets/Pure Poly/Free Low Poly Nature Pack/Meshes/PP_Mushroom_Fantasy_Purple_08.fbx using Guid(6aac2ae04e9a93646918391471e1a564) Importer(2089858483,0ecaa5967403d082aa24f35e1b516d23) [PhysX] Initialized MultithreadedTaskDispatcher with 16 workers.
 -> (artifact id: '35dc676497935578b5ac86aefbd45b2c') in 0.010809 seconds
Number of updated asset objects reloaded before import = 0
Number of asset objects unloaded after import = 7
========================================================================
Received Import Request.
  Time since last request: 0.000024 seconds.
  path: Assets/ImportedAssets/Pure Poly/Free Low Poly Nature Pack/Terrain/Terrain Layers/Cauliflower_Green.terrainlayer
  artifactKey: Guid(ed31af6ee70ef1f4a99d39a409e142d8) Importer(2089858483,0ecaa5967403d082aa24f35e1b516d23)
Start importing Assets/ImportedAssets/Pure Poly/Free Low Poly Nature Pack/Terrain/Terrain Layers/Cauliflower_Green.terrainlayer using Guid(ed31af6ee70ef1f4a99d39a409e142d8) Importer(2089858483,0ecaa5967403d082aa24f35e1b516d23) [PhysX] Initialized MultithreadedTaskDispatcher with 16 workers.
 -> (artifact id: '1fed2468b82e9be6372aa5401c523e26') in 0.058182 seconds
Number of updated asset objects reloaded before import = 0
Number of asset objects unloaded after import = 3
========================================================================
Received Prepare
Refreshing native plugins compatible for Editor in 46.30 ms, found 4 plugins.
Preloading 0 native plugins for Editor in 0.00 ms.
Unloading 0 Unused Serialized files (Serialized files now loaded: 0)
Unloading 5 unused Assets / (401.5 KB). Loaded Objects now: 4453.
Memory consumption went from 77.2 MB to 76.8 MB.
Total: 26.056500 ms (FindLiveObjects: 0.734200 ms CreateObjectMapping: 0.183300 ms MarkObjects: 24.314300 ms  DeleteObjects: 0.821700 ms)

Prepare: number of updated asset objects reloaded= 0
AssetImportParameters requested are different than current active one (requested -> active):
  custom:container-demuxer-ogg: 62fdf1f143b41e24485cea50d1cbac27 -> 
  custom:video-codec-MediaFoundation-h265: 746d11721c4dcdbdad8f713fa42b33f4 -> 
  custom:video-decoder-ogg-theora: a1e56fd34408186e4bbccfd4996cb3dc -> 
  custom:framework-win-MediaFoundation: 216162199b28c13a410421893ffa2e32 -> 
  custom:CustomObjectIndexerAttribute: 9a22284fe3817be447336de3de66b15e -> 
  custom:container-demuxer-webm: 4f35f7cbe854078d1ac9338744f61a02 -> 
  custom:container-muxer-webm: aa71ff27fc2769a1b78a27578f13a17b -> 
  custom:video-decoder-webm-vp8: 9c59270c3fd7afecdb556c50c9e8de78 -> 
  custom:SearchIndexIgnoredProperties: e643bd26f0fe6173181afceb89e7c659 -> 
  custom:AudioImporter_EditorPlatform: d09bf68614088b80899f8185d706f6e7 -> 
  custom:video-encoder-webm-vp8: eb34c28f22e8b96e1ab97ce403110664 -> 
  custom:audio-decoder-ogg-vorbis: bf7c407c2cedff20999df2af8eb42d56 -> 
  custom:scripting/monoscript/fileName/SceneSwitcher.cs: 82650212eef756784afd1b30cb6bafc7 -> 
  custom:audio-encoder-webm-vorbis: bf7c407c2cedff20999df2af8eb42d56 -> 
  custom:scripting/precompiled-assembly-types:Assembly-CSharp: 8304422cd185ce6fbc6463721112e5c8 -> 89e4d1232902841028940258bee8100a
