Using pre-set license
Built from '2022.3/respin/2022.3.62f2-4af31df585-v2' branch; Version is '2022.3.62f3 (96770f904ca7) revision 9860879'; Using compiler version '192829333'; Build Type 'Release'
OS: 'Windows 11  (10.0.26200) 64bit CoreSingleLanguage' Language: 'en' Physical Memory: 16091 MB
BatchMode: 1, IsHumanControllingUs: 0, StartBugReporterOnCrash: 0, Is64bit: 1, IsPro: 1

COMMAND LINE ARGUMENTS:
C:\Program Files\Unity\Hub\Editor\2022.3.62f3\Editor\Unity.exe
-adb2
-batchMode
-noUpm
-name
AssetImportWorker1
-projectPath
C:/Users/Rangga Prasetya/UnityProjects/ForestOptimizationDemo
-logFile
Logs/AssetImportWorker1.log
-srvPort
60886
Successfully changed project path to: C:/Users/Rangga Prasetya/UnityProjects/ForestOptimizationDemo
C:/Users/Rangga Prasetya/UnityProjects/ForestOptimizationDemo
[UnityMemory] Configuration Parameters - Can be set up in boot.config
    "memorysetup-bucket-allocator-granularity=16"
    "memorysetup-bucket-allocator-bucket-count=8"
    "memorysetup-bucket-allocator-block-size=33554432"
    "memorysetup-bucket-allocator-block-count=8"
    "memorysetup-main-allocator-block-size=16777216"
    "memorysetup-thread-allocator-block-size=16777216"
    "memorysetup-gfx-main-allocator-block-size=16777216"
    "memorysetup-gfx-thread-allocator-block-size=16777216"
    "memorysetup-cache-allocator-block-size=4194304"
    "memorysetup-typetree-allocator-block-size=2097152"
    "memorysetup-profiler-bucket-allocator-granularity=16"
    "memorysetup-profiler-bucket-allocator-bucket-count=8"
    "memorysetup-profiler-bucket-allocator-block-size=33554432"
    "memorysetup-profiler-bucket-allocator-block-count=8"
    "memorysetup-profiler-allocator-block-size=16777216"
    "memorysetup-profiler-editor-allocator-block-size=1048576"
    "memorysetup-temp-allocator-size-main=16777216"
    "memorysetup-job-temp-allocator-block-size=2097152"
    "memorysetup-job-temp-allocator-block-size-background=1048576"
    "memorysetup-job-temp-allocator-reduction-small-platforms=262144"
    "memorysetup-allocator-temp-initial-block-size-main=262144"
    "memorysetup-allocator-temp-initial-block-size-worker=262144"
    "memorysetup-temp-allocator-size-background-worker=32768"
    "memorysetup-temp-allocator-size-job-worker=262144"
    "memorysetup-temp-allocator-size-preload-manager=33554432"
    "memorysetup-temp-allocator-size-nav-mesh-worker=65536"
    "memorysetup-temp-allocator-size-audio-worker=65536"
    "memorysetup-temp-allocator-size-cloud-worker=32768"
    "memorysetup-temp-allocator-size-gi-baking-worker=262144"
    "memorysetup-temp-allocator-size-gfx=262144"
Player connection [15760]  Target information:

Player connection [15760]  * "[IP] 192.168.1.4 [Port] 0 [Flags] 2 [Guid] 4087224835 [EditorId] 4087224835 [Version] 1048832 [Id] WindowsEditor(7,LAPTOP-2FV0O9VK) [Debug] 1 [PackageName] WindowsEditor [ProjectName] Editor" 

Player connection [15760] Host joined multi-casting on [225.0.0.222:54997]...
Player connection [15760] Host joined alternative multi-casting on [225.0.0.222:34997]...
Input System module state changed to: Initialized.
[PhysX] Initialized MultithreadedTaskDispatcher with 16 workers.
Refreshing native plugins compatible for Editor in 10.14 ms, found 4 plugins.
Preloading 0 native plugins for Editor in 0.00 ms.
Initialize engine version: 2022.3.62f3 (96770f904ca7)
[Subsystems] Discovering subsystems at path C:/Program Files/Unity/Hub/Editor/2022.3.62f3/Editor/Data/Resources/UnitySubsystems
[Subsystems] Discovering subsystems at path C:/Users/Rangga Prasetya/UnityProjects/ForestOptimizationDemo/Assets
GfxDevice: creating device client; threaded=0; jobified=0
Direct3D:
    Version:  Direct3D 11.0 [level 11.1]
    Renderer: NVIDIA GeForce RTX 5050 Laptop GPU (ID=0x2dd8)
    Vendor:   NVIDIA
    VRAM:     7822 MB
    Driver:   32.0.15.8195
Initialize mono
Mono path[0] = 'C:/Program Files/Unity/Hub/Editor/2022.3.62f3/Editor/Data/Managed'
Mono path[1] = 'C:/Program Files/Unity/Hub/Editor/2022.3.62f3/Editor/Data/MonoBleedingEdge/lib/mono/unityjit-win32'
Mono config path = 'C:/Program Files/Unity/Hub/Editor/2022.3.62f3/Editor/Data/MonoBleedingEdge/etc'
Using monoOptions --debugger-agent=transport=dt_socket,embedding=1,server=y,suspend=n,address=127.0.0.1:56712
Begin MonoManager ReloadAssembly
Registering precompiled unity dll's ...
Register platform support module: C:/Program Files/Unity/Hub/Editor/2022.3.62f3/Editor/Data/PlaybackEngines/WebGLSupport/UnityEditor.WebGL.Extensions.dll
Register platform support module: C:/Program Files/Unity/Hub/Editor/2022.3.62f3/Editor/Data/PlaybackEngines/WindowsStandaloneSupport/UnityEditor.WindowsStandalone.Extensions.dll
Registered in 0.004428 seconds.
- Loaded All Assemblies, in  0.265 seconds
Native extension for WindowsStandalone target not found
Native extension for WebGL target not found
Mono: successfully reloaded assembly
- Finished resetting the current domain, in  0.193 seconds
Domain Reload Profiling: 458ms
	BeginReloadAssembly (83ms)
		ExecutionOrderSort (0ms)
		DisableScriptedObjects (0ms)
		BackupInstance (0ms)
		ReleaseScriptingObjects (0ms)
		CreateAndSetChildDomain (0ms)
	RebuildCommonClasses (26ms)
	RebuildNativeTypeToScriptingClass (7ms)
	initialDomainReloadingComplete (42ms)
	LoadAllAssembliesAndSetupDomain (107ms)
		LoadAssemblies (82ms)
		RebuildTransferFunctionScriptingTraits (0ms)
		AnalyzeDomain (105ms)
			TypeCache.Refresh (104ms)
				TypeCache.ScanAssembly (93ms)
			ScanForSourceGeneratedMonoScriptInfo (0ms)
			ResolveRequiredComponents (0ms)
	FinalizeReload (194ms)
		ReleaseScriptCaches (0ms)
		RebuildScriptCaches (0ms)
		SetupLoadedEditorAssemblies (157ms)
			LogAssemblyErrors (0ms)
			InitializePlatformSupportModulesInManaged (8ms)
			SetLoadedEditorAssemblies (4ms)
			RefreshPlugins (0ms)
			BeforeProcessingInitializeOnLoad (2ms)
			ProcessInitializeOnLoadAttributes (108ms)
			ProcessInitializeOnLoadMethodAttributes (36ms)
			AfterProcessingInitializeOnLoad (0ms)
			EditorAssembliesLoaded (0ms)
		ExecutionOrderSort2 (0ms)
		AwakeInstancesAfterBackupRestoration (0ms)
========================================================================
Worker process is ready to serve import requests
Caller must complete domain reload
Begin MonoManager ReloadAssembly
- Loaded All Assemblies, in  0.565 seconds
Native extension for WindowsStandalone target not found
Native extension for WebGL target not found
Mono: successfully reloaded assembly
- Finished resetting the current domain, in  0.443 seconds
Domain Reload Profiling: 1006ms
	BeginReloadAssembly (112ms)
		ExecutionOrderSort (0ms)
		DisableScriptedObjects (3ms)
		BackupInstance (0ms)
		ReleaseScriptingObjects (0ms)
		CreateAndSetChildDomain (16ms)
	RebuildCommonClasses (23ms)
	RebuildNativeTypeToScriptingClass (7ms)
	initialDomainReloadingComplete (31ms)
	LoadAllAssembliesAndSetupDomain (389ms)
		LoadAssemblies (309ms)
		RebuildTransferFunctionScriptingTraits (0ms)
		AnalyzeDomain (149ms)
			TypeCache.Refresh (132ms)
				TypeCache.ScanAssembly (120ms)
			ScanForSourceGeneratedMonoScriptInfo (12ms)
			ResolveRequiredComponents (3ms)
	FinalizeReload (443ms)
		ReleaseScriptCaches (0ms)
		RebuildScriptCaches (0ms)
		SetupLoadedEditorAssemblies (340ms)
			LogAssemblyErrors (0ms)
			InitializePlatformSupportModulesInManaged (5ms)
			SetLoadedEditorAssemblies (3ms)
			RefreshPlugins (0ms)
			BeforeProcessingInitializeOnLoad (44ms)
			ProcessInitializeOnLoadAttributes (267ms)
			ProcessInitializeOnLoadMethodAttributes (16ms)
			AfterProcessingInitializeOnLoad (3ms)
			EditorAssembliesLoaded (0ms)
		ExecutionOrderSort2 (0ms)
		AwakeInstancesAfterBackupRestoration (5ms)
Launched and connected shader compiler UnityShaderCompiler.exe after 0.05 seconds
Refreshing native plugins compatible for Editor in 5.37 ms, found 4 plugins.
Preloading 0 native plugins for Editor in 0.00 ms.
Unloading 3950 Unused Serialized files (Serialized files now loaded: 0)
Unloading 27 unused Assets / (57.1 KB). Loaded Objects now: 4418.
Memory consumption went from 139.0 MB to 139.0 MB.
Total: 2.959000 ms (FindLiveObjects: 0.240800 ms CreateObjectMapping: 0.085200 ms MarkObjects: 2.544300 ms  DeleteObjects: 0.087700 ms)

AssetImportParameters requested are different than current active one (requested -> active):
  custom:container-demuxer-ogg: 62fdf1f143b41e24485cea50d1cbac27 -> 
  custom:video-codec-MediaFoundation-h265: 746d11721c4dcdbdad8f713fa42b33f4 -> 
  custom:video-decoder-ogg-theora: a1e56fd34408186e4bbccfd4996cb3dc -> 
  custom:framework-win-MediaFoundation: 216162199b28c13a410421893ffa2e32 -> 
  custom:CustomObjectIndexerAttribute: 9a22284fe3817be447336de3de66b15e -> 
  custom:container-demuxer-webm: 4f35f7cbe854078d1ac9338744f61a02 -> 
  custom:container-muxer-webm: aa71ff27fc2769a1b78a27578f13a17b -> 
  custom:video-decoder-webm-vp8: 9c59270c3fd7afecdb556c50c9e8de78 -> 
  custom:SearchIndexIgnoredProperties: e643bd26f0fe6173181afceb89e7c659 -> 
  custom:AudioImporter_EditorPlatform: d09bf68614088b80899f8185d706f6e7 -> 
  custom:video-encoder-webm-vp8: eb34c28f22e8b96e1ab97ce403110664 -> 
  custom:audio-decoder-ogg-vorbis: bf7c407c2cedff20999df2af8eb42d56 -> 
  custom:audio-encoder-webm-vorbis: bf7c407c2cedff20999df2af8eb42d56 -> 
========================================================================
Received Import Request.
  Time since last request: 82520.105509 seconds.
  path: Assets/Scenes/Scene_AfterOptimization.unity
  artifactKey: Guid(6b570447b70b6174d956f0eb505cd20d) Importer(815301076,1909f56bfc062723c751e8b465ee728b)
Start importing Assets/Scenes/Scene_AfterOptimization.unity using Guid(6b570447b70b6174d956f0eb505cd20d) Importer(815301076,1909f56bfc062723c751e8b465ee728b) [PhysX] Initialized MultithreadedTaskDispatcher with 16 workers.
 -> (artifact id: 'e0ebfb9ee5fe7d1903ecd17d7f77a047') in 0.002318 seconds
Number of updated asset objects reloaded before import = 0
Number of asset objects unloaded after import = 0
========================================================================
Received Prepare
Caller must complete domain reload
Begin MonoManager ReloadAssembly
- Loaded All Assemblies, in  0.374 seconds
Native extension for WindowsStandalone target not found
Native extension for WebGL target not found
Mono: successfully reloaded assembly
- Finished resetting the current domain, in  2.811 seconds
Domain Reload Profiling: 3185ms
	BeginReloadAssembly (122ms)
		ExecutionOrderSort (0ms)
		DisableScriptedObjects (4ms)
		BackupInstance (0ms)
		ReleaseScriptingObjects (0ms)
		CreateAndSetChildDomain (29ms)
	RebuildCommonClasses (22ms)
	RebuildNativeTypeToScriptingClass (7ms)
	initialDomainReloadingComplete (21ms)
	LoadAllAssembliesAndSetupDomain (201ms)
		LoadAssemblies (241ms)
		RebuildTransferFunctionScriptingTraits (0ms)
		AnalyzeDomain (22ms)
			TypeCache.Refresh (8ms)
				TypeCache.ScanAssembly (0ms)
			ScanForSourceGeneratedMonoScriptInfo (9ms)
			ResolveRequiredComponents (4ms)
	FinalizeReload (2812ms)
		ReleaseScriptCaches (0ms)
		RebuildScriptCaches (0ms)
		SetupLoadedEditorAssemblies (1613ms)
			LogAssemblyErrors (0ms)
			InitializePlatformSupportModulesInManaged (31ms)
			SetLoadedEditorAssemblies (12ms)
			RefreshPlugins (0ms)
			BeforeProcessingInitializeOnLoad (245ms)
			ProcessInitializeOnLoadAttributes (1234ms)
			ProcessInitializeOnLoadMethodAttributes (63ms)
			AfterProcessingInitializeOnLoad (28ms)
			EditorAssembliesLoaded (0ms)
		ExecutionOrderSort2 (0ms)
		AwakeInstancesAfterBackupRestoration (30ms)
Refreshing native plugins compatible for Editor in 28.53 ms, found 4 plugins.
Preloading 0 native plugins for Editor in 0.00 ms.
Unloading 3942 Unused Serialized files (Serialized files now loaded: 0)
Unloading 20 unused Assets / (31.0 KB). Loaded Objects now: 4423.
Memory consumption went from 137.4 MB to 137.4 MB.
Total: 9.662800 ms (FindLiveObjects: 0.578300 ms CreateObjectMapping: 0.324100 ms MarkObjects: 8.635000 ms  DeleteObjects: 0.122800 ms)

Prepare: number of updated asset objects reloaded= 0
AssetImportParameters requested are different than current active one (requested -> active):
  custom:container-demuxer-ogg: 62fdf1f143b41e24485cea50d1cbac27 -> 
  custom:video-codec-MediaFoundation-h265: 746d11721c4dcdbdad8f713fa42b33f4 -> 
  custom:video-decoder-ogg-theora: a1e56fd34408186e4bbccfd4996cb3dc -> 
  custom:framework-win-MediaFoundation: 216162199b28c13a410421893ffa2e32 -> 
  custom:CustomObjectIndexerAttribute: 9a22284fe3817be447336de3de66b15e -> 
  custom:container-demuxer-webm: 4f35f7cbe854078d1ac9338744f61a02 -> 
  custom:container-muxer-webm: aa71ff27fc2769a1b78a27578f13a17b -> 
  custom:video-decoder-webm-vp8: 9c59270c3fd7afecdb556c50c9e8de78 -> 
  custom:SearchIndexIgnoredProperties: e643bd26f0fe6173181afceb89e7c659 -> 
  custom:AudioImporter_EditorPlatform: d09bf68614088b80899f8185d706f6e7 -> 
  custom:video-encoder-webm-vp8: eb34c28f22e8b96e1ab97ce403110664 -> 
  custom:audio-decoder-ogg-vorbis: bf7c407c2cedff20999df2af8eb42d56 -> 
  custom:scripting/monoscript/fileName/SceneSwitcher.cs: 82650212eef756784afd1b30cb6bafc7 -> 
  custom:audio-encoder-webm-vorbis: bf7c407c2cedff20999df2af8eb42d56 -> 
  custom:scripting/precompiled-assembly-types:Assembly-CSharp: 8304422cd185ce6fbc6463721112e5c8 -> 89e4d1232902841028940258bee8100a
========================================================================
Received Prepare
Caller must complete domain reload
Begin MonoManager ReloadAssembly
- Loaded All Assemblies, in  0.358 seconds
Native extension for WindowsStandalone target not found
Native extension for WebGL target not found
Mono: successfully reloaded assembly
- Finished resetting the current domain, in  0.742 seconds
Domain Reload Profiling: 1099ms
	BeginReloadAssembly (113ms)
		ExecutionOrderSort (0ms)
		DisableScriptedObjects (3ms)
		BackupInstance (0ms)
		ReleaseScriptingObjects (0ms)
		CreateAndSetChildDomain (23ms)
	RebuildCommonClasses (23ms)
	RebuildNativeTypeToScriptingClass (7ms)
	initialDomainReloadingComplete (20ms)
	LoadAllAssembliesAndSetupDomain (192ms)
		LoadAssemblies (231ms)
		RebuildTransferFunctionScriptingTraits (0ms)
		AnalyzeDomain (23ms)
			TypeCache.Refresh (8ms)
				TypeCache.ScanAssembly (0ms)
			ScanForSourceGeneratedMonoScriptInfo (10ms)
			ResolveRequiredComponents (4ms)
	FinalizeReload (743ms)
		ReleaseScriptCaches (0ms)
		RebuildScriptCaches (0ms)
		SetupLoadedEditorAssemblies (331ms)
			LogAssemblyErrors (0ms)
			InitializePlatformSupportModulesInManaged (6ms)
			SetLoadedEditorAssemblies (3ms)
			RefreshPlugins (0ms)
			BeforeProcessingInitializeOnLoad (50ms)
			ProcessInitializeOnLoadAttributes (255ms)
			ProcessInitializeOnLoadMethodAttributes (14ms)
			AfterProcessingInitializeOnLoad (4ms)
			EditorAssembliesLoaded (0ms)
		ExecutionOrderSort2 (0ms)
		AwakeInstancesAfterBackupRestoration (5ms)
Refreshing native plugins compatible for Editor in 3.60 ms, found 4 plugins.
Preloading 0 native plugins for Editor in 0.00 ms.
Unloading 3943 Unused Serialized files (Serialized files now loaded: 0)
Unloading 20 unused Assets / (31.0 KB). Loaded Objects now: 4427.
Memory consumption went from 137.7 MB to 137.6 MB.
Total: 2.920400 ms (FindLiveObjects: 0.207000 ms CreateObjectMapping: 0.075400 ms MarkObjects: 2.584400 ms  DeleteObjects: 0.052600 ms)

Prepare: number of updated asset objects reloaded= 0
AssetImportParameters requested are different than current active one (requested -> active):
  custom:container-demuxer-ogg: 62fdf1f143b41e24485cea50d1cbac27 -> 
  custom:video-codec-MediaFoundation-h265: 746d11721c4dcdbdad8f713fa42b33f4 -> 
  custom:video-decoder-ogg-theora: a1e56fd34408186e4bbccfd4996cb3dc -> 
  custom:framework-win-MediaFoundation: 216162199b28c13a410421893ffa2e32 -> 
  custom:CustomObjectIndexerAttribute: 9a22284fe3817be447336de3de66b15e -> 
  custom:container-demuxer-webm: 4f35f7cbe854078d1ac9338744f61a02 -> 
  custom:container-muxer-webm: aa71ff27fc2769a1b78a27578f13a17b -> 
  custom:video-decoder-webm-vp8: 9c59270c3fd7afecdb556c50c9e8de78 -> 
  custom:SearchIndexIgnoredProperties: e643bd26f0fe6173181afceb89e7c659 -> 
  custom:AudioImporter_EditorPlatform: d09bf68614088b80899f8185d706f6e7 -> 
  custom:video-encoder-webm-vp8: eb34c28f22e8b96e1ab97ce403110664 -> 
  custom:audio-decoder-ogg-vorbis: bf7c407c2cedff20999df2af8eb42d56 -> 
  custom:scripting/monoscript/fileName/SceneSwitcher.cs: 82650212eef756784afd1b30cb6bafc7 -> 
  custom:audio-encoder-webm-vorbis: bf7c407c2cedff20999df2af8eb42d56 -> 
  custom:scripting/precompiled-assembly-types:Assembly-CSharp: 8304422cd185ce6fbc6463721112e5c8 -> 89e4d1232902841028940258bee8100a
========================================================================
Received Import Request.
  Time since last request: 375.490220 seconds.
  path: Assets/Scripts/SceneSwitcher.cs
  artifactKey: Guid(a60d679973e19af4c893586b832c437f) Importer(815301076,1909f56bfc062723c751e8b465ee728b)
Start importing Assets/Scripts/SceneSwitcher.cs using Guid(a60d679973e19af4c893586b832c437f) Importer(815301076,1909f56bfc062723c751e8b465ee728b) [PhysX] Initialized MultithreadedTaskDispatcher with 16 workers.
 -> (artifact id: '5f9feda9bd1d1be6fba76e0f1dda44d4') in 0.002539 seconds
Number of updated asset objects reloaded before import = 0
Number of asset objects unloaded after import = 0
========================================================================
Received Prepare
Caller must complete domain reload
Begin MonoManager ReloadAssembly
- Loaded All Assemblies, in  0.357 seconds
Native extension for WindowsStandalone target not found
Native extension for WebGL target not found
Mono: successfully reloaded assembly
- Finished resetting the current domain, in  0.702 seconds
Domain Reload Profiling: 1058ms
	BeginReloadAssembly (118ms)
		ExecutionOrderSort (0ms)
		DisableScriptedObjects (4ms)
		BackupInstance (0ms)
		ReleaseScriptingObjects (0ms)
		CreateAndSetChildDomain (24ms)
	RebuildCommonClasses (21ms)
	RebuildNativeTypeToScriptingClass (7ms)
	initialDomainReloadingComplete (20ms)
	LoadAllAssembliesAndSetupDomain (188ms)
		LoadAssemblies (240ms)
		RebuildTransferFunctionScriptingTraits (0ms)
		AnalyzeDomain (12ms)
			TypeCache.Refresh (6ms)
				TypeCache.ScanAssembly (0ms)
			ScanForSourceGeneratedMonoScriptInfo (0ms)
			ResolveRequiredComponents (4ms)
	FinalizeReload (703ms)
		ReleaseScriptCaches (0ms)
		RebuildScriptCaches (0ms)
		SetupLoadedEditorAssemblies (362ms)
			LogAssemblyErrors (0ms)
			InitializePlatformSupportModulesInManaged (5ms)
			SetLoadedEditorAssemblies (2ms)
			RefreshPlugins (0ms)
			BeforeProcessingInitializeOnLoad (44ms)
			ProcessInitializeOnLoadAttributes (287ms)
			ProcessInitializeOnLoadMethodAttributes (19ms)
			AfterProcessingInitializeOnLoad (5ms)
			EditorAssembliesLoaded (0ms)
		ExecutionOrderSort2 (0ms)
		AwakeInstancesAfterBackupRestoration (7ms)
Refreshing native plugins compatible for Editor in 3.30 ms, found 4 plugins.
Preloading 0 native plugins for Editor in 0.00 ms.
Unloading 3942 Unused Serialized files (Serialized files now loaded: 0)
Unloading 20 unused Assets / (31.1 KB). Loaded Objects now: 4431.
Memory consumption went from 137.4 MB to 137.4 MB.
Total: 2.722500 ms (FindLiveObjects: 0.211500 ms CreateObjectMapping: 0.072200 ms MarkObjects: 2.374800 ms  DeleteObjects: 0.062600 ms)

Prepare: number of updated asset objects reloaded= 0
AssetImportParameters requested are different than current active one (requested -> active):
  custom:container-demuxer-ogg: 62fdf1f143b41e24485cea50d1cbac27 -> 
  custom:video-codec-MediaFoundation-h265: 746d11721c4dcdbdad8f713fa42b33f4 -> 
  custom:video-decoder-ogg-theora: a1e56fd34408186e4bbccfd4996cb3dc -> 
  custom:framework-win-MediaFoundation: 216162199b28c13a410421893ffa2e32 -> 
  custom:CustomObjectIndexerAttribute: 9a22284fe3817be447336de3de66b15e -> 
  custom:container-demuxer-webm: 4f35f7cbe854078d1ac9338744f61a02 -> 
  custom:container-muxer-webm: aa71ff27fc2769a1b78a27578f13a17b -> 
  custom:video-decoder-webm-vp8: 9c59270c3fd7afecdb556c50c9e8de78 -> 
  custom:SearchIndexIgnoredProperties: e643bd26f0fe6173181afceb89e7c659 -> 
  custom:AudioImporter_EditorPlatform: d09bf68614088b80899f8185d706f6e7 -> 
  custom:video-encoder-webm-vp8: eb34c28f22e8b96e1ab97ce403110664 -> 
  custom:audio-decoder-ogg-vorbis: bf7c407c2cedff20999df2af8eb42d56 -> 
  custom:scripting/monoscript/fileName/SceneSwitcher.cs: 82650212eef756784afd1b30cb6bafc7 -> 
  custom:audio-encoder-webm-vorbis: bf7c407c2cedff20999df2af8eb42d56 -> 
  custom:scripting/precompiled-assembly-types:Assembly-CSharp: 8304422cd185ce6fbc6463721112e5c8 -> 89e4d1232902841028940258bee8100a
========================================================================
Received Prepare
Caller must complete domain reload
Begin MonoManager ReloadAssembly
- Loaded All Assemblies, in  0.344 seconds
Native extension for WindowsStandalone target not found
Native extension for WebGL target not found
Mono: successfully reloaded assembly
- Finished resetting the current domain, in  0.740 seconds
Domain Reload Profiling: 1082ms
	BeginReloadAssembly (117ms)
		ExecutionOrderSort (0ms)
		DisableScriptedObjects (3ms)
		BackupInstance (0ms)
		ReleaseScriptingObjects (0ms)
		CreateAndSetChildDomain (23ms)
	RebuildCommonClasses (23ms)
	RebuildNativeTypeToScriptingClass (7ms)
	initialDomainReloadingComplete (19ms)
	LoadAllAssembliesAndSetupDomain (176ms)
		LoadAssemblies (228ms)
		RebuildTransferFunctionScriptingTraits (0ms)
		AnalyzeDomain (11ms)
			TypeCache.Refresh (5ms)
				TypeCache.ScanAssembly (0ms)
			ScanForSourceGeneratedMonoScriptInfo (0ms)
			ResolveRequiredComponents (4ms)
	FinalizeReload (741ms)
		ReleaseScriptCaches (0ms)
		RebuildScriptCaches (0ms)
		SetupLoadedEditorAssemblies (376ms)
			LogAssemblyErrors (0ms)
			InitializePlatformSupportModulesInManaged (6ms)
			SetLoadedEditorAssemblies (3ms)
			RefreshPlugins (0ms)
			BeforeProcessingInitializeOnLoad (51ms)
			ProcessInitializeOnLoadAttributes (291ms)
			ProcessInitializeOnLoadMethodAttributes (18ms)
			AfterProcessingInitializeOnLoad (5ms)
			EditorAssembliesLoaded (0ms)
		ExecutionOrderSort2 (0ms)
		AwakeInstancesAfterBackupRestoration (6ms)
Refreshing native plugins compatible for Editor in 4.47 ms, found 4 plugins.
Preloading 0 native plugins for Editor in 0.00 ms.
Unloading 3943 Unused Serialized files (Serialized files now loaded: 0)
Unloading 20 unused Assets / (31.1 KB). Loaded Objects now: 4435.
Memory consumption went from 137.7 MB to 137.7 MB.
Total: 2.720000 ms (FindLiveObjects: 0.219000 ms CreateObjectMapping: 0.163800 ms MarkObjects: 2.291400 ms  DeleteObjects: 0.044900 ms)

Prepare: number of updated asset objects reloaded= 0
AssetImportParameters requested are different than current active one (requested -> active):
  custom:container-demuxer-ogg: 62fdf1f143b41e24485cea50d1cbac27 -> 
  custom:video-codec-MediaFoundation-h265: 746d11721c4dcdbdad8f713fa42b33f4 -> 
  custom:video-decoder-ogg-theora: a1e56fd34408186e4bbccfd4996cb3dc -> 
  custom:framework-win-MediaFoundation: 216162199b28c13a410421893ffa2e32 -> 
  custom:CustomObjectIndexerAttribute: 9a22284fe3817be447336de3de66b15e -> 
  custom:container-demuxer-webm: 4f35f7cbe854078d1ac9338744f61a02 -> 
  custom:container-muxer-webm: aa71ff27fc2769a1b78a27578f13a17b -> 
  custom:video-decoder-webm-vp8: 9c59270c3fd7afecdb556c50c9e8de78 -> 
  custom:SearchIndexIgnoredProperties: e643bd26f0fe6173181afceb89e7c659 -> 
  custom:AudioImporter_EditorPlatform: d09bf68614088b80899f8185d706f6e7 -> 
  custom:video-encoder-webm-vp8: eb34c28f22e8b96e1ab97ce403110664 -> 
  custom:audio-decoder-ogg-vorbis: bf7c407c2cedff20999df2af8eb42d56 -> 
  custom:scripting/monoscript/fileName/SceneSwitcher.cs: 82650212eef756784afd1b30cb6bafc7 -> 
  custom:audio-encoder-webm-vorbis: bf7c407c2cedff20999df2af8eb42d56 -> 
  custom:scripting/precompiled-assembly-types:Assembly-CSharp: 8304422cd185ce6fbc6463721112e5c8 -> 89e4d1232902841028940258bee8100a
========================================================================
Received Prepare
Caller must complete domain reload
Begin MonoManager ReloadAssembly
- Loaded All Assemblies, in  0.342 seconds
Native extension for WindowsStandalone target not found
Native extension for WebGL target not found
Mono: successfully reloaded assembly
- Finished resetting the current domain, in  0.779 seconds
Domain Reload Profiling: 1121ms
	BeginReloadAssembly (113ms)
		ExecutionOrderSort (0ms)
		DisableScriptedObjects (5ms)
		BackupInstance (0ms)
		ReleaseScriptingObjects (0ms)
		CreateAndSetChildDomain (21ms)
	RebuildCommonClasses (23ms)
	RebuildNativeTypeToScriptingClass (7ms)
	initialDomainReloadingComplete (20ms)
	LoadAllAssembliesAndSetupDomain (178ms)
		LoadAssemblies (228ms)
		RebuildTransferFunctionScriptingTraits (0ms)
		AnalyzeDomain (12ms)
			TypeCache.Refresh (6ms)
				TypeCache.ScanAssembly (0ms)
			ScanForSourceGeneratedMonoScriptInfo (0ms)
			ResolveRequiredComponents (4ms)
	FinalizeReload (780ms)
		ReleaseScriptCaches (0ms)
		RebuildScriptCaches (0ms)
		SetupLoadedEditorAssemblies (371ms)
			LogAssemblyErrors (0ms)
			InitializePlatformSupportModulesInManaged (6ms)
			SetLoadedEditorAssemblies (3ms)
			RefreshPlugins (0ms)
			BeforeProcessingInitializeOnLoad (49ms)
			ProcessInitializeOnLoadAttributes (290ms)
			ProcessInitializeOnLoadMethodAttributes (17ms)
			AfterProcessingInitializeOnLoad (6ms)
			EditorAssembliesLoaded (0ms)
		ExecutionOrderSort2 (0ms)
		AwakeInstancesAfterBackupRestoration (6ms)
Refreshing native plugins compatible for Editor in 3.73 ms, found 4 plugins.
Preloading 0 native plugins for Editor in 0.00 ms.
Unloading 3943 Unused Serialized files (Serialized files now loaded: 0)
Unloading 20 unused Assets / (31.1 KB). Loaded Objects now: 4439.
Memory consumption went from 137.7 MB to 137.7 MB.
Total: 4.056400 ms (FindLiveObjects: 0.214200 ms CreateObjectMapping: 0.075400 ms MarkObjects: 3.696700 ms  DeleteObjects: 0.068500 ms)

Prepare: number of updated asset objects reloaded= 0
AssetImportParameters requested are different than current active one (requested -> active):
  custom:container-demuxer-ogg: 62fdf1f143b41e24485cea50d1cbac27 -> 
  custom:video-codec-MediaFoundation-h265: 746d11721c4dcdbdad8f713fa42b33f4 -> 
  custom:video-decoder-ogg-theora: a1e56fd34408186e4bbccfd4996cb3dc -> 
  custom:framework-win-MediaFoundation: 216162199b28c13a410421893ffa2e32 -> 
  custom:CustomObjectIndexerAttribute: 9a22284fe3817be447336de3de66b15e -> 
  custom:container-demuxer-webm: 4f35f7cbe854078d1ac9338744f61a02 -> 
  custom:container-muxer-webm: aa71ff27fc2769a1b78a27578f13a17b -> 
  custom:video-decoder-webm-vp8: 9c59270c3fd7afecdb556c50c9e8de78 -> 
  custom:SearchIndexIgnoredProperties: e643bd26f0fe6173181afceb89e7c659 -> 
  custom:AudioImporter_EditorPlatform: d09bf68614088b80899f8185d706f6e7 -> 
  custom:video-encoder-webm-vp8: eb34c28f22e8b96e1ab97ce403110664 -> 
  custom:audio-decoder-ogg-vorbis: bf7c407c2cedff20999df2af8eb42d56 -> 
  custom:scripting/monoscript/fileName/SceneSwitcher.cs: 82650212eef756784afd1b30cb6bafc7 -> 
  custom:audio-encoder-webm-vorbis: bf7c407c2cedff20999df2af8eb42d56 -> 
  custom:scripting/precompiled-assembly-types:Assembly-CSharp: 8304422cd185ce6fbc6463721112e5c8 -> 89e4d1232902841028940258bee8100a
========================================================================
Received Prepare
Caller must complete domain reload
Begin MonoManager ReloadAssembly
- Loaded All Assemblies, in  0.340 seconds
Native extension for WindowsStandalone target not found
Native extension for WebGL target not found
Mono: successfully reloaded assembly
- Finished resetting the current domain, in  0.705 seconds
Domain Reload Profiling: 1043ms
	BeginReloadAssembly (113ms)
		ExecutionOrderSort (0ms)
		DisableScriptedObjects (3ms)
		BackupInstance (0ms)
		ReleaseScriptingObjects (0ms)
		CreateAndSetChildDomain (22ms)
	RebuildCommonClasses (22ms)
	RebuildNativeTypeToScriptingClass (7ms)
	initialDomainReloadingComplete (19ms)
	LoadAllAssembliesAndSetupDomain (178ms)
		LoadAssemblies (224ms)
		RebuildTransferFunctionScriptingTraits (0ms)
		AnalyzeDomain (12ms)
			TypeCache.Refresh (5ms)
				TypeCache.ScanAssembly (0ms)
			ScanForSourceGeneratedMonoScriptInfo (0ms)
			ResolveRequiredComponents (4ms)
	FinalizeReload (705ms)
		ReleaseScriptCaches (0ms)
		RebuildScriptCaches (0ms)
		SetupLoadedEditorAssemblies (373ms)
			LogAssemblyErrors (0ms)
			InitializePlatformSupportModulesInManaged (5ms)
			SetLoadedEditorAssemblies (3ms)
			RefreshPlugins (0ms)
			BeforeProcessingInitializeOnLoad (46ms)
			ProcessInitializeOnLoadAttributes (296ms)
			ProcessInitializeOnLoadMethodAttributes (17ms)
			AfterProcessingInitializeOnLoad (5ms)
			EditorAssembliesLoaded (0ms)
		ExecutionOrderSort2 (0ms)
		AwakeInstancesAfterBackupRestoration (5ms)
Refreshing native plugins compatible for Editor in 3.31 ms, found 4 plugins.
Preloading 0 native plugins for Editor in 0.00 ms.
Unloading 3943 Unused Serialized files (Serialized files now loaded: 0)
Unloading 20 unused Assets / (31.1 KB). Loaded Objects now: 4443.
Memory consumption went from 137.7 MB to 137.7 MB.
Total: 2.949200 ms (FindLiveObjects: 0.224800 ms CreateObjectMapping: 0.108700 ms MarkObjects: 2.571100 ms  DeleteObjects: 0.043500 ms)

Prepare: number of updated asset objects reloaded= 0
AssetImportParameters requested are different than current active one (requested -> active):
  custom:container-demuxer-ogg: 62fdf1f143b41e24485cea50d1cbac27 -> 
  custom:video-codec-MediaFoundation-h265: 746d11721c4dcdbdad8f713fa42b33f4 -> 
  custom:video-decoder-ogg-theora: a1e56fd34408186e4bbccfd4996cb3dc -> 
  custom:framework-win-MediaFoundation: 216162199b28c13a410421893ffa2e32 -> 
  custom:CustomObjectIndexerAttribute: 9a22284fe3817be447336de3de66b15e -> 
  custom:container-demuxer-webm: 4f35f7cbe854078d1ac9338744f61a02 -> 
  custom:container-muxer-webm: aa71ff27fc2769a1b78a27578f13a17b -> 
  custom:video-decoder-webm-vp8: 9c59270c3fd7afecdb556c50c9e8de78 -> 
  custom:SearchIndexIgnoredProperties: e643bd26f0fe6173181afceb89e7c659 -> 
  custom:AudioImporter_EditorPlatform: d09bf68614088b80899f8185d706f6e7 -> 
  custom:video-encoder-webm-vp8: eb34c28f22e8b96e1ab97ce403110664 -> 
  custom:audio-decoder-ogg-vorbis: bf7c407c2cedff20999df2af8eb42d56 -> 
  custom:scripting/monoscript/fileName/SceneSwitcher.cs: 82650212eef756784afd1b30cb6bafc7 -> 
  custom:audio-encoder-webm-vorbis: bf7c407c2cedff20999df2af8eb42d56 -> 
  custom:scripting/precompiled-assembly-types:Assembly-CSharp: 8304422cd185ce6fbc6463721112e5c8 -> 89e4d1232902841028940258bee8100a
========================================================================
Received Prepare
Caller must complete domain reload
Begin MonoManager ReloadAssembly
- Loaded All Assemblies, in  0.335 seconds
Native extension for WindowsStandalone target not found
Native extension for WebGL target not found
Mono: successfully reloaded assembly
- Finished resetting the current domain, in  0.714 seconds
Domain Reload Profiling: 1047ms
	BeginReloadAssembly (111ms)
		ExecutionOrderSort (0ms)
		DisableScriptedObjects (4ms)
		BackupInstance (0ms)
		ReleaseScriptingObjects (0ms)
		CreateAndSetChildDomain (22ms)
	RebuildCommonClasses (21ms)
	RebuildNativeTypeToScriptingClass (7ms)
	initialDomainReloadingComplete (19ms)
	LoadAllAssembliesAndSetupDomain (175ms)
		LoadAssemblies (223ms)
		RebuildTransferFunctionScriptingTraits (0ms)
		AnalyzeDomain (12ms)
			TypeCache.Refresh (6ms)
				TypeCache.ScanAssembly (0ms)
			ScanForSourceGeneratedMonoScriptInfo (0ms)
			ResolveRequiredComponents (4ms)
	FinalizeReload (714ms)
		ReleaseScriptCaches (0ms)
		RebuildScriptCaches (0ms)
		SetupLoadedEditorAssemblies (367ms)
			LogAssemblyErrors (0ms)
			InitializePlatformSupportModulesInManaged (5ms)
			SetLoadedEditorAssemblies (3ms)
			RefreshPlugins (0ms)
			BeforeProcessingInitializeOnLoad (48ms)
			ProcessInitializeOnLoadAttributes (289ms)
			ProcessInitializeOnLoadMethodAttributes (17ms)
			AfterProcessingInitializeOnLoad (4ms)
			EditorAssembliesLoaded (0ms)
		ExecutionOrderSort2 (0ms)
		AwakeInstancesAfterBackupRestoration (8ms)
Refreshing native plugins compatible for Editor in 3.77 ms, found 4 plugins.
Preloading 0 native plugins for Editor in 0.00 ms.
Unloading 3943 Unused Serialized files (Serialized files now loaded: 0)
Unloading 20 unused Assets / (31.1 KB). Loaded Objects now: 4447.
Memory consumption went from 137.7 MB to 137.7 MB.
Total: 2.454500 ms (FindLiveObjects: 0.192600 ms CreateObjectMapping: 0.149100 ms MarkObjects: 2.065700 ms  DeleteObjects: 0.045700 ms)

Prepare: number of updated asset objects reloaded= 0
AssetImportParameters requested are different than current active one (requested -> active):
  custom:container-demuxer-ogg: 62fdf1f143b41e24485cea50d1cbac27 -> 
  custom:video-codec-MediaFoundation-h265: 746d11721c4dcdbdad8f713fa42b33f4 -> 
  custom:video-decoder-ogg-theora: a1e56fd34408186e4bbccfd4996cb3dc -> 
  custom:framework-win-MediaFoundation: 216162199b28c13a410421893ffa2e32 -> 
  custom:CustomObjectIndexerAttribute: 9a22284fe3817be447336de3de66b15e -> 
  custom:container-demuxer-webm: 4f35f7cbe854078d1ac9338744f61a02 -> 
  custom:container-muxer-webm: aa71ff27fc2769a1b78a27578f13a17b -> 
  custom:video-decoder-webm-vp8: 9c59270c3fd7afecdb556c50c9e8de78 -> 
  custom:SearchIndexIgnoredProperties: e643bd26f0fe6173181afceb89e7c659 -> 
  custom:AudioImporter_EditorPlatform: d09bf68614088b80899f8185d706f6e7 -> 
  custom:video-encoder-webm-vp8: eb34c28f22e8b96e1ab97ce403110664 -> 
  custom:audio-decoder-ogg-vorbis: bf7c407c2cedff20999df2af8eb42d56 -> 
  custom:scripting/monoscript/fileName/SceneSwitcher.cs: 82650212eef756784afd1b30cb6bafc7 -> 
  custom:audio-encoder-webm-vorbis: bf7c407c2cedff20999df2af8eb42d56 -> 
  custom:scripting/precompiled-assembly-types:Assembly-CSharp: 8304422cd185ce6fbc6463721112e5c8 -> 89e4d1232902841028940258bee8100a
========================================================================
Received Prepare
Refreshing native plugins compatible for Editor in 3.51 ms, found 4 plugins.
Preloading 0 native plugins for Editor in 0.00 ms.
Unloading 1 Unused Serialized files (Serialized files now loaded: 0)
Unloading 1 unused Assets / (3.1 KB). Loaded Objects now: 4447.
Memory consumption went from 76.6 MB to 76.6 MB.
Total: 3.256600 ms (FindLiveObjects: 0.279600 ms CreateObjectMapping: 0.090500 ms MarkObjects: 2.859600 ms  DeleteObjects: 0.025800 ms)

Prepare: number of updated asset objects reloaded= 0
AssetImportParameters requested are different than current active one (requested -> active):
  custom:container-demuxer-ogg: 62fdf1f143b41e24485cea50d1cbac27 -> 
  custom:video-codec-MediaFoundation-h265: 746d11721c4dcdbdad8f713fa42b33f4 -> 
  custom:video-decoder-ogg-theora: a1e56fd34408186e4bbccfd4996cb3dc -> 
  custom:framework-win-MediaFoundation: 216162199b28c13a410421893ffa2e32 -> 
  custom:CustomObjectIndexerAttribute: 9a22284fe3817be447336de3de66b15e -> 
  custom:container-demuxer-webm: 4f35f7cbe854078d1ac9338744f61a02 -> 
  custom:container-muxer-webm: aa71ff27fc2769a1b78a27578f13a17b -> 
  custom:video-decoder-webm-vp8: 9c59270c3fd7afecdb556c50c9e8de78 -> 
  custom:SearchIndexIgnoredProperties: e643bd26f0fe6173181afceb89e7c659 -> 
  custom:AudioImporter_EditorPlatform: d09bf68614088b80899f8185d706f6e7 -> 
  custom:video-encoder-webm-vp8: eb34c28f22e8b96e1ab97ce403110664 -> 
  custom:audio-decoder-ogg-vorbis: bf7c407c2cedff20999df2af8eb42d56 -> 
  custom:scripting/monoscript/fileName/SceneSwitcher.cs: 82650212eef756784afd1b30cb6bafc7 -> 
  custom:audio-encoder-webm-vorbis: bf7c407c2cedff20999df2af8eb42d56 -> 
  custom:scripting/precompiled-assembly-types:Assembly-CSharp: 8304422cd185ce6fbc6463721112e5c8 -> 89e4d1232902841028940258bee8100a
========================================================================
Received Prepare
Refreshing native plugins compatible for Editor in 2.93 ms, found 4 plugins.
Preloading 0 native plugins for Editor in 0.00 ms.
Unloading 1 Unused Serialized files (Serialized files now loaded: 0)
Unloading 1 unused Assets / (3.1 KB). Loaded Objects now: 4447.
Memory consumption went from 76.2 MB to 76.2 MB.
Total: 2.293800 ms (FindLiveObjects: 0.194500 ms CreateObjectMapping: 0.086700 ms MarkObjects: 1.994700 ms  DeleteObjects: 0.017100 ms)

Prepare: number of updated asset objects reloaded= 0
AssetImportParameters requested are different than current active one (requested -> active):
  custom:container-demuxer-ogg: 62fdf1f143b41e24485cea50d1cbac27 -> 
  custom:video-codec-MediaFoundation-h265: 746d11721c4dcdbdad8f713fa42b33f4 -> 
  custom:video-decoder-ogg-theora: a1e56fd34408186e4bbccfd4996cb3dc -> 
  custom:framework-win-MediaFoundation: 216162199b28c13a410421893ffa2e32 -> 
  custom:CustomObjectIndexerAttribute: 9a22284fe3817be447336de3de66b15e -> 
  custom:container-demuxer-webm: 4f35f7cbe854078d1ac9338744f61a02 -> 
  custom:container-muxer-webm: aa71ff27fc2769a1b78a27578f13a17b -> 
  custom:video-decoder-webm-vp8: 9c59270c3fd7afecdb556c50c9e8de78 -> 
  custom:SearchIndexIgnoredProperties: e643bd26f0fe6173181afceb89e7c659 -> 
  custom:AudioImporter_EditorPlatform: d09bf68614088b80899f8185d706f6e7 -> 
  custom:video-encoder-webm-vp8: eb34c28f22e8b96e1ab97ce403110664 -> 
  custom:audio-decoder-ogg-vorbis: bf7c407c2cedff20999df2af8eb42d56 -> 
  custom:scripting/monoscript/fileName/SceneSwitcher.cs: 82650212eef756784afd1b30cb6bafc7 -> 
  custom:audio-encoder-webm-vorbis: bf7c407c2cedff20999df2af8eb42d56 -> 
  custom:scripting/precompiled-assembly-types:Assembly-CSharp: 8304422cd185ce6fbc6463721112e5c8 -> 89e4d1232902841028940258bee8100a
========================================================================
Received Prepare
Caller must complete domain reload
Begin MonoManager ReloadAssembly
- Loaded All Assemblies, in  0.407 seconds
Native extension for WindowsStandalone target not found
Native extension for WebGL target not found
Mono: successfully reloaded assembly
- Finished resetting the current domain, in  0.684 seconds
Domain Reload Profiling: 1090ms
	BeginReloadAssembly (115ms)
		ExecutionOrderSort (0ms)
		DisableScriptedObjects (3ms)
		BackupInstance (0ms)
		ReleaseScriptingObjects (0ms)
		CreateAndSetChildDomain (21ms)
	RebuildCommonClasses (25ms)
	RebuildNativeTypeToScriptingClass (7ms)
	initialDomainReloadingComplete (21ms)
	LoadAllAssembliesAndSetupDomain (237ms)
		LoadAssemblies (232ms)
		RebuildTransferFunctionScriptingTraits (0ms)
		AnalyzeDomain (71ms)
			TypeCache.Refresh (57ms)
				TypeCache.ScanAssembly (48ms)
			ScanForSourceGeneratedMonoScriptInfo (10ms)
			ResolveRequiredComponents (3ms)
	FinalizeReload (685ms)
		ReleaseScriptCaches (0ms)
		RebuildScriptCaches (0ms)
		SetupLoadedEditorAssemblies (295ms)
			LogAssemblyErrors (0ms)
			InitializePlatformSupportModulesInManaged (7ms)
			SetLoadedEditorAssemblies (4ms)
			RefreshPlugins (0ms)
			BeforeProcessingInitializeOnLoad (46ms)
			ProcessInitializeOnLoadAttributes (221ms)
			ProcessInitializeOnLoadMethodAttributes (13ms)
			AfterProcessingInitializeOnLoad (4ms)
			EditorAssembliesLoaded (0ms)
		ExecutionOrderSort2 (0ms)
		AwakeInstancesAfterBackupRestoration (5ms)
Refreshing native plugins compatible for Editor in 3.11 ms, found 4 plugins.
Preloading 0 native plugins for Editor in 0.00 ms.
Unloading 3943 Unused Serialized files (Serialized files now loaded: 0)
Unloading 20 unused Assets / (31.1 KB). Loaded Objects now: 4451.
Memory consumption went from 137.7 MB to 137.7 MB.
Total: 3.121700 ms (FindLiveObjects: 0.358100 ms CreateObjectMapping: 0.098200 ms MarkObjects: 2.620400 ms  DeleteObjects: 0.043900 ms)

Prepare: number of updated asset objects reloaded= 0
AssetImportParameters requested are different than current active one (requested -> active):
  custom:container-demuxer-ogg: 62fdf1f143b41e24485cea50d1cbac27 -> 
  custom:video-codec-MediaFoundation-h265: 746d11721c4dcdbdad8f713fa42b33f4 -> 
  custom:video-decoder-ogg-theora: a1e56fd34408186e4bbccfd4996cb3dc -> 
  custom:framework-win-MediaFoundation: 216162199b28c13a410421893ffa2e32 -> 
  custom:CustomObjectIndexerAttribute: 9a22284fe3817be447336de3de66b15e -> 
  custom:container-demuxer-webm: 4f35f7cbe854078d1ac9338744f61a02 -> 
  custom:container-muxer-webm: aa71ff27fc2769a1b78a27578f13a17b -> 
  custom:video-decoder-webm-vp8: 9c59270c3fd7afecdb556c50c9e8de78 -> 
  custom:SearchIndexIgnoredProperties: e643bd26f0fe6173181afceb89e7c659 -> 
  custom:AudioImporter_EditorPlatform: d09bf68614088b80899f8185d706f6e7 -> 
  custom:video-encoder-webm-vp8: eb34c28f22e8b96e1ab97ce403110664 -> 
  custom:audio-decoder-ogg-vorbis: bf7c407c2cedff20999df2af8eb42d56 -> 
  custom:scripting/monoscript/fileName/SceneSwitcher.cs: 82650212eef756784afd1b30cb6bafc7 -> 
  custom:audio-encoder-webm-vorbis: bf7c407c2cedff20999df2af8eb42d56 -> 
  custom:scripting/precompiled-assembly-types:Assembly-CSharp: 8304422cd185ce6fbc6463721112e5c8 -> 89e4d1232902841028940258bee8100a
========================================================================
Received Import Request.
  Time since last request: 1338.530031 seconds.
  path: Assets/Materials/Mat_Ground.mat
  artifactKey: Guid(b1998b99808dd5748a68aaff35e29280) Importer(2089858483,0ecaa5967403d082aa24f35e1b516d23)
Start importing Assets/Materials/Mat_Ground.mat using Guid(b1998b99808dd5748a68aaff35e29280) Importer(2089858483,0ecaa5967403d082aa24f35e1b516d23) [PhysX] Initialized MultithreadedTaskDispatcher with 16 workers.
 -> (artifact id: 'edba6af3b3a9b56b4fb49bdeee2c3b23') in 0.117732 seconds
Number of updated asset objects reloaded before import = 0
Number of asset objects unloaded after import = 2
========================================================================
Received Import Request.
  Time since last request: 0.000018 seconds.
  path: Assets/ImportedAssets/Abiogenesis3d/Campfire/Audio/Campfire.wav
  artifactKey: Guid(cf83f81897e4397409fbe5f426c396d3) Importer(2089858483,0ecaa5967403d082aa24f35e1b516d23)
Start importing Assets/ImportedAssets/Abiogenesis3d/Campfire/Audio/Campfire.wav using Guid(cf83f81897e4397409fbe5f426c396d3) Importer(2089858483,0ecaa5967403d082aa24f35e1b516d23) [PhysX] Initialized MultithreadedTaskDispatcher with 16 workers.
 -> (artifact id: '4cb5e3d33721f3bef66fea4e8fd0c401') in 0.126997 seconds
Number of updated asset objects reloaded before import = 0
Number of asset objects unloaded after import = 1
========================================================================
Received Import Request.
  Time since last request: 0.000046 seconds.
  path: Assets/ImportedAssets/Pure Poly/Free Low Poly Nature Pack/Meshes/PP_Rock_Pile_Forest_Moss_10.fbx
  artifactKey: Guid(7ea25f0f06a711d48a2bd754e29ecb0e) Importer(2089858483,0ecaa5967403d082aa24f35e1b516d23)
Start importing Assets/ImportedAssets/Pure Poly/Free Low Poly Nature Pack/Meshes/PP_Rock_Pile_Forest_Moss_10.fbx using Guid(7ea25f0f06a711d48a2bd754e29ecb0e) Importer(2089858483,0ecaa5967403d082aa24f35e1b516d23) [PhysX] Initialized MultithreadedTaskDispatcher with 16 workers.
 -> (artifact id: '635ea0827e951091b3576acb63cea850') in 0.045228 seconds
Number of updated asset objects reloaded before import = 0
Number of asset objects unloaded after import = 7
========================================================================
Received Import Request.
  Time since last request: 0.000019 seconds.
  path: Assets/ImportedAssets/Abiogenesis3d/Campfire/Materials/Rock.mat
  artifactKey: Guid(f56ca20d94cff4a4f8b58467254789ec) Importer(2089858483,0ecaa5967403d082aa24f35e1b516d23)
Start importing Assets/ImportedAssets/Abiogenesis3d/Campfire/Materials/Rock.mat using Guid(f56ca20d94cff4a4f8b58467254789ec) Importer(2089858483,0ecaa5967403d082aa24f35e1b516d23) [PhysX] Initialized MultithreadedTaskDispatcher with 16 workers.
 -> (artifact id: 'cd8750acf909c0b3b8d89d6fb56ee734') in 0.005753 seconds
Number of updated asset objects reloaded before import = 0
Number of asset objects unloaded after import = 1
========================================================================
Received Import Request.
  Time since last request: 0.000017 seconds.
  path: Assets/ImportedAssets/Pure Poly/Free Low Poly Nature Pack/Meshes/PP_Daffodil_03.fbx
  artifactKey: Guid(4e40842238bcca046a7c50ffff32b019) Importer(2089858483,0ecaa5967403d082aa24f35e1b516d23)
Start importing Assets/ImportedAssets/Pure Poly/Free Low Poly Nature Pack/Meshes/PP_Daffodil_03.fbx using Guid(4e40842238bcca046a7c50ffff32b019) Importer(2089858483,0ecaa5967403d082aa24f35e1b516d23) [PhysX] Initialized MultithreadedTaskDispatcher with 16 workers.
 -> (artifact id: '05046a960a03a09613a85ee46178c39f') in 0.012055 seconds
Number of updated asset objects reloaded before import = 0
Number of asset objects unloaded after import = 7
========================================================================
Received Import Request.
  Time since last request: 0.000021 seconds.
  path: Assets/ImportedAssets/Pure Poly/Free Low Poly Nature Pack/Meshes/PP_Hyacinth_04.fbx
  artifactKey: Guid(46d171de72518e343891c4b4c03e5103) Importer(2089858483,0ecaa5967403d082aa24f35e1b516d23)
Start importing Assets/ImportedAssets/Pure Poly/Free Low Poly Nature Pack/Meshes/PP_Hyacinth_04.fbx using Guid(46d171de72518e343891c4b4c03e5103) Importer(2089858483,0ecaa5967403d082aa24f35e1b516d23) [PhysX] Initialized MultithreadedTaskDispatcher with 16 workers.
 -> (artifact id: '1db1e5f8fdcf6a74c42a07777929fb4a') in 0.014167 seconds
Number of updated asset objects reloaded before import = 0
Number of asset objects unloaded after import = 7
========================================================================
Received Import Request.
  Time since last request: 0.000020 seconds.
  path: Assets/ImportedAssets/Pure Poly/Free Low Poly Nature Pack/Prefabs/PP_Bridge_15_Right.prefab
  artifactKey: Guid(6ac3c795b94fcc84a90ed972e4ab3b3f) Importer(2089858483,0ecaa5967403d082aa24f35e1b516d23)
Start importing Assets/ImportedAssets/Pure Poly/Free Low Poly Nature Pack/Prefabs/PP_Bridge_15_Right.prefab using Guid(6ac3c795b94fcc84a90ed972e4ab3b3f) Importer(2089858483,0ecaa5967403d082aa24f35e1b516d23) [PhysX] Initialized MultithreadedTaskDispatcher with 16 workers.
 -> (artifact id: '2668b51bc3c59d6bedb803268b704165') in 0.015783 seconds
Number of updated asset objects reloaded before import = 0
Number of asset objects unloaded after import = 8
========================================================================
Received Import Request.
  Time since last request: 0.000018 seconds.
  path: Assets/ImportedAssets/ModularFirstPersonController/DemoScene/Demo.unity
  artifactKey: Guid(831e38665ead8de408a9deecff0d59dd) Importer(2089858483,0ecaa5967403d082aa24f35e1b516d23)
Start importing Assets/ImportedAssets/ModularFirstPersonController/DemoScene/Demo.unity using Guid(831e38665ead8de408a9deecff0d59dd) Importer(2089858483,0ecaa5967403d082aa24f35e1b516d23) [PhysX] Initialized MultithreadedTaskDispatcher with 16 workers.
 -> (artifact id: '26c1bd2c9877b5ed847e22167b61aed0') in 0.003484 seconds
Number of updated asset objects reloaded before import = 0
Number of asset objects unloaded after import = 1
========================================================================
Received Import Request.
  Time since last request: 0.000076 seconds.
  path: Assets/ImportedAssets/Nanolod/Examples/Assets/WalkInCircle.cs
  artifactKey: Guid(d886623537af947839a591b51d13a949) Importer(2089858483,0ecaa5967403d082aa24f35e1b516d23)
Start importing Assets/ImportedAssets/Nanolod/Examples/Assets/WalkInCircle.cs using Guid(d886623537af947839a591b51d13a949) Importer(2089858483,0ecaa5967403d082aa24f35e1b516d23) [PhysX] Initialized MultithreadedTaskDispatcher with 16 workers.
 -> (artifact id: '706728559c67fd217948459cd289ed58') in 0.005288 seconds
Number of updated asset objects reloaded before import = 0
Number of asset objects unloaded after import = 1
========================================================================
Received Import Request.
  Time since last request: 0.000020 seconds.
  path: Assets/ImportedAssets/Nanolod/Binaries/Nanolod.Editor.dll
  artifactKey: Guid(e1a06bd434d2f8146abcee6af7344445) Importer(2089858483,0ecaa5967403d082aa24f35e1b516d23)
Start importing Assets/ImportedAssets/Nanolod/Binaries/Nanolod.Editor.dll using Guid(e1a06bd434d2f8146abcee6af7344445) Importer(2089858483,0ecaa5967403d082aa24f35e1b516d23) [PhysX] Initialized MultithreadedTaskDispatcher with 16 workers.
 -> (artifact id: 'ec2ad4867ac2f5688e4fa2b2fd363418') in 0.005744 seconds
Number of updated asset objects reloaded before import = 0
Number of asset objects unloaded after import = 1
========================================================================
Received Import Request.
  Time since last request: 0.000024 seconds.
  path: Assets/ImportedAssets/Nanolod/Examples/Runtime/Runtime.unity
  artifactKey: Guid(13b6e8a31eeff41d7a007d863e92e9ea) Importer(2089858483,0ecaa5967403d082aa24f35e1b516d23)
Start importing Assets/ImportedAssets/Nanolod/Examples/Runtime/Runtime.unity using Guid(13b6e8a31eeff41d7a007d863e92e9ea) Importer(2089858483,0ecaa5967403d082aa24f35e1b516d23) [PhysX] Initialized MultithreadedTaskDispatcher with 16 workers.
 -> (artifact id: 'bdf083421e430b2fcbfbd25a5e644d0f') in 0.003259 seconds
Number of updated asset objects reloaded before import = 0
Number of asset objects unloaded after import = 1
========================================================================
Received Import Request.
  Time since last request: 0.000039 seconds.
  path: Assets/Scenes/Scene_AfterOptimization.unity
  artifactKey: Guid(6b570447b70b6174d956f0eb505cd20d) Importer(2089858483,0ecaa5967403d082aa24f35e1b516d23)
Start importing Assets/Scenes/Scene_AfterOptimization.unity using Guid(6b570447b70b6174d956f0eb505cd20d) Importer(2089858483,0ecaa5967403d082aa24f35e1b516d23) [PhysX] Initialized MultithreadedTaskDispatcher with 16 workers.
 -> (artifact id: '660935ed0843a08b5f453d074891ee05') in 0.003300 seconds
Number of updated asset objects reloaded before import = 0
Number of asset objects unloaded after import = 1
========================================================================
Received Import Request.
  Time since last request: 0.000086 seconds.
  path: Assets/ImportedAssets/Abiogenesis3d/Shared/Shared.asmdef
  artifactKey: Guid(d920ee83a19e68446acaa5e0482e0ee6) Importer(2089858483,0ecaa5967403d082aa24f35e1b516d23)
Start importing Assets/ImportedAssets/Abiogenesis3d/Shared/Shared.asmdef using Guid(d920ee83a19e68446acaa5e0482e0ee6) Importer(2089858483,0ecaa5967403d082aa24f35e1b516d23) [PhysX] Initialized MultithreadedTaskDispatcher with 16 workers.
 -> (artifact id: '6c77d5fb2ef75160236cbc985fadea0f') in 0.004449 seconds
Number of updated asset objects reloaded before import = 0
Number of asset objects unloaded after import = 1
========================================================================
Received Import Request.
  Time since last request: 0.000024 seconds.
  path: Assets/ImportedAssets/ModularFirstPersonController/FirstPersonController/CircleReticle.png
  artifactKey: Guid(be4ce60e2c9768c44b9b10b9c5258045) Importer(2089858483,0ecaa5967403d082aa24f35e1b516d23)
Start importing Assets/ImportedAssets/ModularFirstPersonController/FirstPersonController/CircleReticle.png using Guid(be4ce60e2c9768c44b9b10b9c5258045) Importer(2089858483,0ecaa5967403d082aa24f35e1b516d23) [PhysX] Initialized MultithreadedTaskDispatcher with 16 workers.
 -> (artifact id: '0277b457c5104b72cc47f5e3ab5fe53a') in 0.040336 seconds
Number of updated asset objects reloaded before import = 0
Number of asset objects unloaded after import = 3
========================================================================
Received Import Request.
  Time since last request: 0.000014 seconds.
  path: Assets/ImportedAssets/Pure Poly/Free Low Poly Nature Pack/Read Me.pdf
  artifactKey: Guid(3a18b6debda473d48bab002010eab469) Importer(2089858483,0ecaa5967403d082aa24f35e1b516d23)
Start importing Assets/ImportedAssets/Pure Poly/Free Low Poly Nature Pack/Read Me.pdf using Guid(3a18b6debda473d48bab002010eab469) Importer(2089858483,0ecaa5967403d082aa24f35e1b516d23) [PhysX] Initialized MultithreadedTaskDispatcher with 16 workers.
 -> (artifact id: 'f36201a4122d74138477b8e77b827e00') in 0.004082 seconds
Number of updated asset objects reloaded before import = 0
Number of asset objects unloaded after import = 1
========================================================================
Received Import Request.
  Time since last request: 0.000064 seconds.
  path: Assets/Scenes/SampleScene.unity
  artifactKey: Guid(9fc0d4010bbf28b4594072e72b8655ab) Importer(2089858483,0ecaa5967403d082aa24f35e1b516d23)
Start importing Assets/Scenes/SampleScene.unity using Guid(9fc0d4010bbf28b4594072e72b8655ab) Importer(2089858483,0ecaa5967403d082aa24f35e1b516d23) [PhysX] Initialized MultithreadedTaskDispatcher with 16 workers.
 -> (artifact id: '8cbb64b494d3e71c3a6f3a7b3c803dcc') in 0.002958 seconds
Number of updated asset objects reloaded before import = 0
Number of asset objects unloaded after import = 1
========================================================================
Received Import Request.
  Time since last request: 0.000015 seconds.
  path: Assets/Materials/Mat_Rock.mat
  artifactKey: Guid(647f4ebf3888849468432f063b9ac6fb) Importer(2089858483,0ecaa5967403d082aa24f35e1b516d23)
Start importing Assets/Materials/Mat_Rock.mat using Guid(647f4ebf3888849468432f063b9ac6fb) Importer(2089858483,0ecaa5967403d082aa24f35e1b516d23) [PhysX] Initialized MultithreadedTaskDispatcher with 16 workers.
 -> (artifact id: 'e8e9ab6aaa8ae6ca0568d493c27eb1b2') in 0.007069 seconds
Number of updated asset objects reloaded before import = 0
Number of asset objects unloaded after import = 2
========================================================================
Received Import Request.
  Time since last request: 0.000034 seconds.
  path: Assets/ImportedAssets/Pure Poly/Free Low Poly Nature Pack/Meshes/PP_Bridge_15_Left.fbx
  artifactKey: Guid(ba929ab32a69dc94cb9c2db218798132) Importer(2089858483,0ecaa5967403d082aa24f35e1b516d23)
Start importing Assets/ImportedAssets/Pure Poly/Free Low Poly Nature Pack/Meshes/PP_Bridge_15_Left.fbx using Guid(ba929ab32a69dc94cb9c2db218798132) Importer(2089858483,0ecaa5967403d082aa24f35e1b516d23) [PhysX] Initialized MultithreadedTaskDispatcher with 16 workers.
 -> (artifact id: 'ab79a266b0a6c1db048762e0e003171a') in 0.012160 seconds
Number of updated asset objects reloaded before import = 0
Number of asset objects unloaded after import = 7
========================================================================
Received Import Request.
  Time since last request: 0.000039 seconds.
  path: Assets/ImportedAssets/Abiogenesis3d/Campfire/Materials/CampFire_URP.unitypackage
  artifactKey: Guid(a43f3fe45b65d3f49992b8260281dfbb) Importer(2089858483,0ecaa5967403d082aa24f35e1b516d23)
Start importing Assets/ImportedAssets/Abiogenesis3d/Campfire/Materials/CampFire_URP.unitypackage using Guid(a43f3fe45b65d3f49992b8260281dfbb) Importer(2089858483,0ecaa5967403d082aa24f35e1b516d23) [PhysX] Initialized MultithreadedTaskDispatcher with 16 workers.
 -> (artifact id: 'cdf1f9e414dc505b80440f2dd5b9ea74') in 0.004481 seconds
Number of updated asset objects reloaded before import = 0
Number of asset objects unloaded after import = 1
========================================================================
Received Import Request.
  Time since last request: 0.000021 seconds.
  path: Assets/ImportedAssets/Pure Poly/Free Low Poly Nature Pack/Prefabs/PP_Floor_Tile_06.prefab
  artifactKey: Guid(65323e97e34d8f84ea1f987e4caf6830) Importer(2089858483,0ecaa5967403d082aa24f35e1b516d23)
Start importing Assets/ImportedAssets/Pure Poly/Free Low Poly Nature Pack/Prefabs/PP_Floor_Tile_06.prefab using Guid(65323e97e34d8f84ea1f987e4caf6830) Importer(2089858483,0ecaa5967403d082aa24f35e1b516d23) [PhysX] Initialized MultithreadedTaskDispatcher with 16 workers.
 -> (artifact id: '819f0e8fb21deae41ebde2f864774647') in 0.008834 seconds
Number of updated asset objects reloaded before import = 0
Number of asset objects unloaded after import = 8
========================================================================
Received Import Request.
  Time since last request: 0.000020 seconds.
  path: Assets/UnityTechnologies/SpaceRobotKyle/Materials/Robot_Color.mat
  artifactKey: Guid(0aa851515cd3747d6b3b3e461199a2ed) Importer(2089858483,0ecaa5967403d082aa24f35e1b516d23)
Start importing Assets/UnityTechnologies/SpaceRobotKyle/Materials/Robot_Color.mat using Guid(0aa851515cd3747d6b3b3e461199a2ed) Importer(2089858483,0ecaa5967403d082aa24f35e1b516d23) [PhysX] Initialized MultithreadedTaskDispatcher with 16 workers.
 -> (artifact id: '0b152030ea4d23e835c4072181420cb3') in 0.010112 seconds
Number of updated asset objects reloaded before import = 0
Number of asset objects unloaded after import = 3
========================================================================
Received Import Request.
  Time since last request: 0.000038 seconds.
  path: Assets/ImportedAssets/Abiogenesis3d/Campfire/Scripts/LightFlicker.cs
  artifactKey: Guid(5824a3ecc98660148bfab19dd418223f) Importer(2089858483,0ecaa5967403d082aa24f35e1b516d23)
Start importing Assets/ImportedAssets/Abiogenesis3d/Campfire/Scripts/LightFlicker.cs using Guid(5824a3ecc98660148bfab19dd418223f) Importer(2089858483,0ecaa5967403d082aa24f35e1b516d23) [PhysX] Initialized MultithreadedTaskDispatcher with 16 workers.
 -> (artifact id: 'ba8422f2f3197b8db802a5155b8797bf') in 0.005047 seconds
Number of updated asset objects reloaded before import = 0
Number of asset objects unloaded after import = 1
========================================================================
Received Import Request.
  Time since last request: 0.000018 seconds.
  path: Assets/ImportedAssets/Pure Poly/Free Low Poly Nature Pack/Meshes/PP_Meadow_07.fbx
  artifactKey: Guid(5d113e0df0acd474cb544e13e9327875) Importer(2089858483,0ecaa5967403d082aa24f35e1b516d23)
Start importing Assets/ImportedAssets/Pure Poly/Free Low Poly Nature Pack/Meshes/PP_Meadow_07.fbx using Guid(5d113e0df0acd474cb544e13e9327875) Importer(2089858483,0ecaa5967403d082aa24f35e1b516d23) [PhysX] Initialized MultithreadedTaskDispatcher with 16 workers.
 -> (artifact id: '5c568067769ddce538c9be12b7929354') in 0.010304 seconds
Number of updated asset objects reloaded before import = 0
Number of asset objects unloaded after import = 7
========================================================================
Received Import Request.
  Time since last request: 0.000018 seconds.
  path: Assets/ImportedAssets/Pure Poly/Free Low Poly Nature Pack/Meshes/PP_Rock_Moss_Grown_11.fbx
  artifactKey: Guid(7ed75b99c26237b4d844c1581c5da1b2) Importer(2089858483,0ecaa5967403d082aa24f35e1b516d23)
Start importing Assets/ImportedAssets/Pure Poly/Free Low Poly Nature Pack/Meshes/PP_Rock_Moss_Grown_11.fbx using Guid(7ed75b99c26237b4d844c1581c5da1b2) Importer(2089858483,0ecaa5967403d082aa24f35e1b516d23) [PhysX] Initialized MultithreadedTaskDispatcher with 16 workers.
 -> (artifact id: '44bc98fd3fc26432e9e476e890685fb5') in 0.010575 seconds
Number of updated asset objects reloaded before import = 0
Number of asset objects unloaded after import = 7
========================================================================
Received Import Request.
  Time since last request: 0.000026 seconds.
  path: Assets/ImportedAssets/Pure Poly/Free Low Poly Nature Pack/Meshes/PP_Floor_Tile_16.fbx
  artifactKey: Guid(d388258db04ff764da53b55f89b5425e) Importer(2089858483,0ecaa5967403d082aa24f35e1b516d23)
Start importing Assets/ImportedAssets/Pure Poly/Free Low Poly Nature Pack/Meshes/PP_Floor_Tile_16.fbx using Guid(d388258db04ff764da53b55f89b5425e) Importer(2089858483,0ecaa5967403d082aa24f35e1b516d23) [PhysX] Initialized MultithreadedTaskDispatcher with 16 workers.
 -> (artifact id: '3a733e28d767388b5292d0bb922b7563') in 0.022184 seconds
Number of updated asset objects reloaded before import = 0
Number of asset objects unloaded after import = 7
========================================================================
Received Import Request.
  Time since last request: 0.000040 seconds.
  path: Assets/ImportedAssets/Pure Poly/Free Low Poly Nature Pack/Meshes/PP_Bridge_15_Middle.fbx
  artifactKey: Guid(21ad16b9e87118343a38a231037b1c11) Importer(2089858483,0ecaa5967403d082aa24f35e1b516d23)
Start importing Assets/ImportedAssets/Pure Poly/Free Low Poly Nature Pack/Meshes/PP_Bridge_15_Middle.fbx using Guid(21ad16b9e87118343a38a231037b1c11) Importer(2089858483,0ecaa5967403d082aa24f35e1b516d23) [PhysX] Initialized MultithreadedTaskDispatcher with 16 workers.
 -> (artifact id: 'e45dd04439ed7b9edf8d2b1c58e01f03') in 0.016674 seconds
Number of updated asset objects reloaded before import = 0
Number of asset objects unloaded after import = 7
========================================================================
Received Import Request.
  Time since last request: 0.000028 seconds.
  path: Assets/ImportedAssets/Pure Poly/Free Low Poly Nature Pack/Meshes/PP_Cemetery_Pebbles_09.fbx
  artifactKey: Guid(d6e363a8e71621d4fb56316daecbea7e) Importer(2089858483,0ecaa5967403d082aa24f35e1b516d23)
Start importing Assets/ImportedAssets/Pure Poly/Free Low Poly Nature Pack/Meshes/PP_Cemetery_Pebbles_09.fbx using Guid(d6e363a8e71621d4fb56316daecbea7e) Importer(2089858483,0ecaa5967403d082aa24f35e1b516d23) [PhysX] Initialized MultithreadedTaskDispatcher with 16 workers.
 -> (artifact id: '7b34d612fbb4b428c197ea2e7ccb0666') in 0.015951 seconds
Number of updated asset objects reloaded before import = 0
Number of asset objects unloaded after import = 7
========================================================================
Received Import Request.
  Time since last request: 0.000021 seconds.
  path: Assets/ImportedAssets/Pure Poly/Free Low Poly Nature Pack/Prefabs/PP_Meadow_07.prefab
  artifactKey: Guid(cf22a2db10f09a34495e9f83913738c8) Importer(2089858483,0ecaa5967403d082aa24f35e1b516d23)
Start importing Assets/ImportedAssets/Pure Poly/Free Low Poly Nature Pack/Prefabs/PP_Meadow_07.prefab using Guid(cf22a2db10f09a34495e9f83913738c8) Importer(2089858483,0ecaa5967403d082aa24f35e1b516d23) [PhysX] Initialized MultithreadedTaskDispatcher with 16 workers.
 -> (artifact id: 'f5cdf05f27a266ef9b0f4394afe52608') in 0.009242 seconds
Number of updated asset objects reloaded before import = 0
Number of asset objects unloaded after import = 8
========================================================================
Received Import Request.
  Time since last request: 0.000022 seconds.
  path: Assets/ImportedAssets/Pure Poly/Free Low Poly Nature Pack/Terrain/Terrain_Textures/PP_Ground_Green.png
  artifactKey: Guid(c32cd40dcb254854597d9598255e9c8b) Importer(2089858483,0ecaa5967403d082aa24f35e1b516d23)
Start importing Assets/ImportedAssets/Pure Poly/Free Low Poly Nature Pack/Terrain/Terrain_Textures/PP_Ground_Green.png using Guid(c32cd40dcb254854597d9598255e9c8b) Importer(2089858483,0ecaa5967403d082aa24f35e1b516d23) [PhysX] Initialized MultithreadedTaskDispatcher with 16 workers.
 -> (artifact id: '99e78e849c9d4df0f726d723e597426f') in 0.012781 seconds
Number of updated asset objects reloaded before import = 0
Number of asset objects unloaded after import = 1
========================================================================
Received Import Request.
  Time since last request: 0.000020 seconds.
  path: Assets/ImportedAssets/Pure Poly/Free Low Poly Nature Pack/Prefabs/PP_Floor_Tile_16.prefab
  artifactKey: Guid(3f88ace088bf22d4697d58504ea1ce8f) Importer(2089858483,0ecaa5967403d082aa24f35e1b516d23)
Start importing Assets/ImportedAssets/Pure Poly/Free Low Poly Nature Pack/Prefabs/PP_Floor_Tile_16.prefab using Guid(3f88ace088bf22d4697d58504ea1ce8f) Importer(2089858483,0ecaa5967403d082aa24f35e1b516d23) [PhysX] Initialized MultithreadedTaskDispatcher with 16 workers.
 -> (artifact id: '5a1a7390ee13a552859a5b3aedae0334') in 0.009764 seconds
Number of updated asset objects reloaded before import = 0
Number of asset objects unloaded after import = 8
========================================================================
Received Import Request.
  Time since last request: 0.000020 seconds.
  path: Assets/ImportedAssets/Pure Poly/Free Low Poly Nature Pack/Prefabs/PP_Mushroom_Fantasy_Orange_10.prefab
  artifactKey: Guid(eae42a57b046b1a42a79ae6319bccca3) Importer(2089858483,0ecaa5967403d082aa24f35e1b516d23)
Start importing Assets/ImportedAssets/Pure Poly/Free Low Poly Nature Pack/Prefabs/PP_Mushroom_Fantasy_Orange_10.prefab using Guid(eae42a57b046b1a42a79ae6319bccca3) Importer(2089858483,0ecaa5967403d082aa24f35e1b516d23) [PhysX] Initialized MultithreadedTaskDispatcher with 16 workers.
 -> (artifact id: '46eedb9e71576dbfddecace177ebd6f4') in 0.011257 seconds
Number of updated asset objects reloaded before import = 0
Number of asset objects unloaded after import = 8
========================================================================
Received Import Request.
  Time since last request: 0.000019 seconds.
  path: Assets/ImportedAssets/Pure Poly/Free Low Poly Nature Pack/Terrain/Terrain Layers/Cauliflower_Dark_Brown.terrainlayer
  artifactKey: Guid(544953e439315c64f8f3714cd73d4e97) Importer(2089858483,0ecaa5967403d082aa24f35e1b516d23)
Start importing Assets/ImportedAssets/Pure Poly/Free Low Poly Nature Pack/Terrain/Terrain Layers/Cauliflower_Dark_Brown.terrainlayer using Guid(544953e439315c64f8f3714cd73d4e97) Importer(2089858483,0ecaa5967403d082aa24f35e1b516d23) [PhysX] Initialized MultithreadedTaskDispatcher with 16 workers.
 -> (artifact id: '0feff3037847b128d42c047f34f17557') in 0.008897 seconds
Number of updated asset objects reloaded before import = 0
Number of asset objects unloaded after import = 3
========================================================================
Received Import Request.
  Time since last request: 0.000040 seconds.
  path: Assets/ImportedAssets/Pure Poly/Free Low Poly Nature Pack/Terrain/Terrain Layers/Pebbles_Mid_Brown_Ground.terrainlayer
  artifactKey: Guid(af1043e4f44e03b44a73c2d09da1630c) Importer(2089858483,0ecaa5967403d082aa24f35e1b516d23)
Start importing Assets/ImportedAssets/Pure Poly/Free Low Poly Nature Pack/Terrain/Terrain Layers/Pebbles_Mid_Brown_Ground.terrainlayer using Guid(af1043e4f44e03b44a73c2d09da1630c) Importer(2089858483,0ecaa5967403d082aa24f35e1b516d23) [PhysX] Initialized MultithreadedTaskDispatcher with 16 workers.
 -> (artifact id: '1afd604445d66495508bfda62cacbea3') in 0.009103 seconds
Number of updated asset objects reloaded before import = 0
Number of asset objects unloaded after import = 3
========================================================================
Received Import Request.
  Time since last request: 0.000019 seconds.
  path: Assets/ImportedAssets/Nanolod/Examples/Assets/Forest Dude/Albedo.png
  artifactKey: Guid(6ab62d4d17c074bcb9f6d7043482f6f6) Importer(2089858483,0ecaa5967403d082aa24f35e1b516d23)
Start importing Assets/ImportedAssets/Nanolod/Examples/Assets/Forest Dude/Albedo.png using Guid(6ab62d4d17c074bcb9f6d7043482f6f6) Importer(2089858483,0ecaa5967403d082aa24f35e1b516d23) [PhysX] Initialized MultithreadedTaskDispatcher with 16 workers.
 -> (artifact id: 'dc1fa28ee33dd9fa0a7ae34791269af5') in 0.017001 seconds
Number of updated asset objects reloaded before import = 0
Number of asset objects unloaded after import = 1
========================================================================
Received Import Request.
  Time since last request: 0.000027 seconds.
  path: Assets/ImportedAssets/Pure Poly/Free Low Poly Nature Pack/Prefabs/PP_Forest_Mountain_Moss_01.prefab
  artifactKey: Guid(512b72c73a22e904d87662ebca8eb1e1) Importer(2089858483,0ecaa5967403d082aa24f35e1b516d23)
Start importing Assets/ImportedAssets/Pure Poly/Free Low Poly Nature Pack/Prefabs/PP_Forest_Mountain_Moss_01.prefab using Guid(512b72c73a22e904d87662ebca8eb1e1) Importer(2089858483,0ecaa5967403d082aa24f35e1b516d23) [PhysX] Initialized MultithreadedTaskDispatcher with 16 workers.
 -> (artifact id: 'a38ed423c2d066d86ca03b4e19c9a228') in 0.009680 seconds
Number of updated asset objects reloaded before import = 0
Number of asset objects unloaded after import = 8
========================================================================
Received Import Request.
  Time since last request: 0.000035 seconds.
  path: Assets/ImportedAssets/Pure Poly/Free Low Poly Nature Pack/Terrain/Terrain Layers/Pebbles_Green_Ground.terrainlayer
  artifactKey: Guid(39447f31df28ebe41a467e7717c03339) Importer(2089858483,0ecaa5967403d082aa24f35e1b516d23)
Start importing Assets/ImportedAssets/Pure Poly/Free Low Poly Nature Pack/Terrain/Terrain Layers/Pebbles_Green_Ground.terrainlayer using Guid(39447f31df28ebe41a467e7717c03339) Importer(2089858483,0ecaa5967403d082aa24f35e1b516d23) [PhysX] Initialized MultithreadedTaskDispatcher with 16 workers.
 -> (artifact id: '680e3038f277217f5d6cc749071856ba') in 0.011319 seconds
Number of updated asset objects reloaded before import = 0
Number of asset objects unloaded after import = 3
========================================================================
Received Import Request.
  Time since last request: 0.000021 seconds.
  path: Assets/ImportedAssets/Pure Poly/Free Low Poly Nature Pack/Prefabs/PP_Grass_11.prefab
  artifactKey: Guid(ef62619642b0df743b22dd5120c6ac4d) Importer(2089858483,0ecaa5967403d082aa24f35e1b516d23)
Start importing Assets/ImportedAssets/Pure Poly/Free Low Poly Nature Pack/Prefabs/PP_Grass_11.prefab using Guid(ef62619642b0df743b22dd5120c6ac4d) Importer(2089858483,0ecaa5967403d082aa24f35e1b516d23) [PhysX] Initialized MultithreadedTaskDispatcher with 16 workers.
 -> (artifact id: 'df9587464874e0712e588d630cfcacc4') in 0.012167 seconds
Number of updated asset objects reloaded before import = 0
Number of asset objects unloaded after import = 8
========================================================================
Received Import Request.
  Time since last request: 0.000024 seconds.
  path: Assets/ImportedAssets/Pure Poly/Free Low Poly Nature Pack/Scenes/Demo_01.unity
  artifactKey: Guid(164fc101ab8f1584d9f3f9772734e457) Importer(2089858483,0ecaa5967403d082aa24f35e1b516d23)
Start importing Assets/ImportedAssets/Pure Poly/Free Low Poly Nature Pack/Scenes/Demo_01.unity using Guid(164fc101ab8f1584d9f3f9772734e457) Importer(2089858483,0ecaa5967403d082aa24f35e1b516d23) [PhysX] Initialized MultithreadedTaskDispatcher with 16 workers.
 -> (artifact id: 'b63c56179145f4d4750c156586f9dc3d') in 0.004108 seconds
Number of updated asset objects reloaded before import = 0
Number of asset objects unloaded after import = 1
========================================================================
Received Import Request.
  Time since last request: 0.000038 seconds.
  path: Assets/ImportedAssets/Pure Poly/Free Low Poly Nature Pack/Prefabs/PP_Mushroom_Fantasy_Orange_09.prefab
  artifactKey: Guid(0ab22827d0f3f0b40a97e9430d684283) Importer(2089858483,0ecaa5967403d082aa24f35e1b516d23)
Start importing Assets/ImportedAssets/Pure Poly/Free Low Poly Nature Pack/Prefabs/PP_Mushroom_Fantasy_Orange_09.prefab using Guid(0ab22827d0f3f0b40a97e9430d684283) Importer(2089858483,0ecaa5967403d082aa24f35e1b516d23) [PhysX] Initialized MultithreadedTaskDispatcher with 16 workers.
 -> (artifact id: '38467d352e5c34685b92c587bde00c86') in 0.010181 seconds
Number of updated asset objects reloaded before import = 0
Number of asset objects unloaded after import = 8
========================================================================
Received Import Request.
  Time since last request: 0.000025 seconds.
  path: Assets/ImportedAssets/Pure Poly/Free Low Poly Nature Pack/Prefabs/PP_Hyacinth_04.prefab
  artifactKey: Guid(194e9111af0c33840a49d573f2b26952) Importer(2089858483,0ecaa5967403d082aa24f35e1b516d23)
Start importing Assets/ImportedAssets/Pure Poly/Free Low Poly Nature Pack/Prefabs/PP_Hyacinth_04.prefab using Guid(194e9111af0c33840a49d573f2b26952) Importer(2089858483,0ecaa5967403d082aa24f35e1b516d23) [PhysX] Initialized MultithreadedTaskDispatcher with 16 workers.
 -> (artifact id: '1dd0aaa7929752cd3f62c0fb7d1f72e1') in 0.009663 seconds
Number of updated asset objects reloaded before import = 0
Number of asset objects unloaded after import = 8
========================================================================
Received Import Request.
  Time since last request: 0.000022 seconds.
  path: Assets/ImportedAssets/Pure Poly/Free Low Poly Nature Pack/Terrain/Terrain Layers/Cauliflower_Brown.terrainlayer
  artifactKey: Guid(ade4099e9be123c489a63c6a85a95766) Importer(2089858483,0ecaa5967403d082aa24f35e1b516d23)
Start importing Assets/ImportedAssets/Pure Poly/Free Low Poly Nature Pack/Terrain/Terrain Layers/Cauliflower_Brown.terrainlayer using Guid(ade4099e9be123c489a63c6a85a95766) Importer(2089858483,0ecaa5967403d082aa24f35e1b516d23) [PhysX] Initialized MultithreadedTaskDispatcher with 16 workers.
 -> (artifact id: 'ea6c6465a20f9465532de364109609f5') in 0.006147 seconds
Number of updated asset objects reloaded before import = 0
Number of asset objects unloaded after import = 3
========================================================================
Received Import Request.
  Time since last request: 0.000020 seconds.
  path: Assets/ImportedAssets/Pure Poly/Free Low Poly Nature Pack/Terrain/Terrain_Textures/PP_Flatstone_Brown.png
  artifactKey: Guid(9e716ab47787efb448d7f9e4e0e94a23) Importer(2089858483,0ecaa5967403d082aa24f35e1b516d23)
Start importing Assets/ImportedAssets/Pure Poly/Free Low Poly Nature Pack/Terrain/Terrain_Textures/PP_Flatstone_Brown.png using Guid(9e716ab47787efb448d7f9e4e0e94a23) Importer(2089858483,0ecaa5967403d082aa24f35e1b516d23) [PhysX] Initialized MultithreadedTaskDispatcher with 16 workers.
 -> (artifact id: '611ecb24636c0e1a8e8e1a40822ef771') in 0.007798 seconds
Number of updated asset objects reloaded before import = 0
Number of asset objects unloaded after import = 1
========================================================================
Received Import Request.
  Time since last request: 0.000016 seconds.
  path: Assets/ImportedAssets/Pure Poly/Free Low Poly Nature Pack/Textures/PP_Color_Palette.png
  artifactKey: Guid(cffb506ec5b6cc94498def65473d32ed) Importer(2089858483,0ecaa5967403d082aa24f35e1b516d23)
Start importing Assets/ImportedAssets/Pure Poly/Free Low Poly Nature Pack/Textures/PP_Color_Palette.png using Guid(cffb506ec5b6cc94498def65473d32ed) Importer(2089858483,0ecaa5967403d082aa24f35e1b516d23) [PhysX] Initialized MultithreadedTaskDispatcher with 16 workers.
 -> (artifact id: 'b76d069edecf1a84d5a24a894656bbdf') in 0.011571 seconds
Number of updated asset objects reloaded before import = 0
Number of asset objects unloaded after import = 1
========================================================================
Received Import Request.
  Time since last request: 0.000160 seconds.
  path: Assets/ImportedAssets/Pure Poly/Free Low Poly Nature Pack/Prefabs/PP_Tree_02.prefab
  artifactKey: Guid(e133dac167ef59c40b7678ba58107c6a) Importer(2089858483,0ecaa5967403d082aa24f35e1b516d23)
Start importing Assets/ImportedAssets/Pure Poly/Free Low Poly Nature Pack/Prefabs/PP_Tree_02.prefab using Guid(e133dac167ef59c40b7678ba58107c6a) Importer(2089858483,0ecaa5967403d082aa24f35e1b516d23) [PhysX] Initialized MultithreadedTaskDispatcher with 16 workers.
 -> (artifact id: '56f806217cef0206f453012ebed69935') in 0.008461 seconds
Number of updated asset objects reloaded before import = 0
Number of asset objects unloaded after import = 8
========================================================================
Received Import Request.
  Time since last request: 0.000025 seconds.
  path: Assets/ImportedAssets/Pure Poly/Free Low Poly Nature Pack/Prefabs/PP_Daffodil_03.prefab
  artifactKey: Guid(13dd10d6717971d4ea9125d158299b1e) Importer(2089858483,0ecaa5967403d082aa24f35e1b516d23)
Start importing Assets/ImportedAssets/Pure Poly/Free Low Poly Nature Pack/Prefabs/PP_Daffodil_03.prefab using Guid(13dd10d6717971d4ea9125d158299b1e) Importer(2089858483,0ecaa5967403d082aa24f35e1b516d23) [PhysX] Initialized MultithreadedTaskDispatcher with 16 workers.
 -> (artifact id: '15ce5c385705bd78892636ca1ca384d5') in 0.008019 seconds
Number of updated asset objects reloaded before import = 0
Number of asset objects unloaded after import = 8
========================================================================
Received Import Request.
  Time since last request: 0.000018 seconds.
  path: Assets/ImportedAssets/Pure Poly/Free Low Poly Nature Pack/Prefabs/PP_Birch_Tree_05.prefab
  artifactKey: Guid(2554008d6447a2540b44e55f0c0b576e) Importer(2089858483,0ecaa5967403d082aa24f35e1b516d23)
Start importing Assets/ImportedAssets/Pure Poly/Free Low Poly Nature Pack/Prefabs/PP_Birch_Tree_05.prefab using Guid(2554008d6447a2540b44e55f0c0b576e) Importer(2089858483,0ecaa5967403d082aa24f35e1b516d23) [PhysX] Initialized MultithreadedTaskDispatcher with 16 workers.
 -> (artifact id: '8590118f27b36ed7db6100e0eaaac9f6') in 0.010035 seconds
Number of updated asset objects reloaded before import = 0
Number of asset objects unloaded after import = 8
========================================================================
Received Import Request.
  Time since last request: 0.000043 seconds.
  path: Assets/ImportedAssets/Nanolod/Examples/Assets/Forest Dude/Animation Controller.controller
  artifactKey: Guid(b829c4eeef83242689d3094bee28ebd0) Importer(2089858483,0ecaa5967403d082aa24f35e1b516d23)
Start importing Assets/ImportedAssets/Nanolod/Examples/Assets/Forest Dude/Animation Controller.controller using Guid(b829c4eeef83242689d3094bee28ebd0) Importer(2089858483,0ecaa5967403d082aa24f35e1b516d23) [PhysX] Initialized MultithreadedTaskDispatcher with 16 workers.
 -> (artifact id: '91ff2289dfcc8f66cbe5bf90b7cf8ffe') in 0.018557 seconds
Number of updated asset objects reloaded before import = 0
Number of asset objects unloaded after import = 4
========================================================================
Received Import Request.
  Time since last request: 0.000016 seconds.
  path: Assets/ImportedAssets/Pure Poly/Free Low Poly Nature Pack/Prefabs/PP_Rock_Pile_Forest_Moss_05.prefab
  artifactKey: Guid(9a91bc2b0a89c4748a0c5b940bd461a7) Importer(2089858483,0ecaa5967403d082aa24f35e1b516d23)
Start importing Assets/ImportedAssets/Pure Poly/Free Low Poly Nature Pack/Prefabs/PP_Rock_Pile_Forest_Moss_05.prefab using Guid(9a91bc2b0a89c4748a0c5b940bd461a7) Importer(2089858483,0ecaa5967403d082aa24f35e1b516d23) [PhysX] Initialized MultithreadedTaskDispatcher with 16 workers.
 -> (artifact id: '64e5d0f96a28ad85cf5493f5597c0b69') in 0.008238 seconds
Number of updated asset objects reloaded before import = 0
Number of asset objects unloaded after import = 8
========================================================================
Received Import Request.
  Time since last request: 0.000018 seconds.
  path: Assets/ImportedAssets/Pure Poly/Free Low Poly Nature Pack/Meshes/PP_Grass_15.fbx
  artifactKey: Guid(ac41480a091ee2446a41d386b366ae44) Importer(2089858483,0ecaa5967403d082aa24f35e1b516d23)
Start importing Assets/ImportedAssets/Pure Poly/Free Low Poly Nature Pack/Meshes/PP_Grass_15.fbx using Guid(ac41480a091ee2446a41d386b366ae44) Importer(2089858483,0ecaa5967403d082aa24f35e1b516d23) [PhysX] Initialized MultithreadedTaskDispatcher with 16 workers.
 -> (artifact id: 'f2f1d9dde9a02ff9db82b08118db8f5b') in 0.011679 seconds
Number of updated asset objects reloaded before import = 0
Number of asset objects unloaded after import = 7
========================================================================
Received Import Request.
  Time since last request: 0.000136 seconds.
  path: Assets/ImportedAssets/Nanolod/Examples/Assets/Forest Dude/license.txt
  artifactKey: Guid(671c0c1b325d84fdba91ae7f4cbec9ab) Importer(2089858483,0ecaa5967403d082aa24f35e1b516d23)
Start importing Assets/ImportedAssets/Nanolod/Examples/Assets/Forest Dude/license.txt using Guid(671c0c1b325d84fdba91ae7f4cbec9ab) Importer(2089858483,0ecaa5967403d082aa24f35e1b516d23) [PhysX] Initialized MultithreadedTaskDispatcher with 16 workers.
 -> (artifact id: '6bb5b398c1e408869f5c8ca53fcc2373') in 0.002798 seconds
Number of updated asset objects reloaded before import = 0
Number of asset objects unloaded after import = 1
========================================================================
Received Import Request.
  Time since last request: 0.000022 seconds.
  path: Assets/ImportedAssets/Pure Poly/Free Low Poly Nature Pack/Prefabs/PP_Rock_Pile_Forest_Moss_10.prefab
  artifactKey: Guid(c8134dd87be4906419f13922ddc5bf4f) Importer(2089858483,0ecaa5967403d082aa24f35e1b516d23)
Start importing Assets/ImportedAssets/Pure Poly/Free Low Poly Nature Pack/Prefabs/PP_Rock_Pile_Forest_Moss_10.prefab using Guid(c8134dd87be4906419f13922ddc5bf4f) Importer(2089858483,0ecaa5967403d082aa24f35e1b516d23) [PhysX] Initialized MultithreadedTaskDispatcher with 16 workers.
 -> (artifact id: '46cf6334589852f2993a5005e82ffaaf') in 0.007954 seconds
Number of updated asset objects reloaded before import = 0
Number of asset objects unloaded after import = 8
========================================================================
Received Import Request.
  Time since last request: 0.000018 seconds.
  path: Assets/ImportedAssets/Pure Poly/Free Low Poly Nature Pack/Prefabs/PP_Bridge_15_Middle.prefab
  artifactKey: Guid(be86ea3e14e72e6449b4e36e285d7959) Importer(2089858483,0ecaa5967403d082aa24f35e1b516d23)
Start importing Assets/ImportedAssets/Pure Poly/Free Low Poly Nature Pack/Prefabs/PP_Bridge_15_Middle.prefab using Guid(be86ea3e14e72e6449b4e36e285d7959) Importer(2089858483,0ecaa5967403d082aa24f35e1b516d23) [PhysX] Initialized MultithreadedTaskDispatcher with 16 workers.
 -> (artifact id: 'cb632fe767b87c756b91249a790c0b78') in 0.011033 seconds
Number of updated asset objects reloaded before import = 0
Number of asset objects unloaded after import = 8
========================================================================
Received Import Request.
  Time since last request: 0.000047 seconds.
  path: Assets/ImportedAssets/Pure Poly/Free Low Poly Nature Pack/Terrain/Terrain Layers/Pebbles_Dark_Brown_Ground.terrainlayer
  artifactKey: Guid(5e4276a7f8ae36043a85f790c3eb8bf4) Importer(2089858483,0ecaa5967403d082aa24f35e1b516d23)
Start importing Assets/ImportedAssets/Pure Poly/Free Low Poly Nature Pack/Terrain/Terrain Layers/Pebbles_Dark_Brown_Ground.terrainlayer using Guid(5e4276a7f8ae36043a85f790c3eb8bf4) Importer(2089858483,0ecaa5967403d082aa24f35e1b516d23) [PhysX] Initialized MultithreadedTaskDispatcher with 16 workers.
 -> (artifact id: 'e96944d94671c1308087c22d22ca28f5') in 0.007338 seconds
Number of updated asset objects reloaded before import = 0
Number of asset objects unloaded after import = 3
========================================================================
Received Import Request.
  Time since last request: 0.000021 seconds.
  path: Assets/ImportedAssets/Nanolod/Examples/Assets/TwoSidedCutout.shader
  artifactKey: Guid(a67d30aaf314c44d8ab0f13c77643d96) Importer(2089858483,0ecaa5967403d082aa24f35e1b516d23)
Start importing Assets/ImportedAssets/Nanolod/Examples/Assets/TwoSidedCutout.shader using Guid(a67d30aaf314c44d8ab0f13c77643d96) Importer(2089858483,0ecaa5967403d082aa24f35e1b516d23) [PhysX] Initialized MultithreadedTaskDispatcher with 16 workers.
 -> (artifact id: 'bdf62eb91109a2202859e47ac276f673') in 0.010333 seconds
Number of updated asset objects reloaded before import = 0
Number of asset objects unloaded after import = 1
========================================================================
Received Import Request.
  Time since last request: 0.000021 seconds.
  path: Assets/ImportedAssets/Pure Poly/Free Low Poly Nature Pack/Meshes/PP_Floor_Tile_15.fbx
  artifactKey: Guid(c19668a861b933b43b61a61a2076c12c) Importer(2089858483,0ecaa5967403d082aa24f35e1b516d23)
Start importing Assets/ImportedAssets/Pure Poly/Free Low Poly Nature Pack/Meshes/PP_Floor_Tile_15.fbx using Guid(c19668a861b933b43b61a61a2076c12c) Importer(2089858483,0ecaa5967403d082aa24f35e1b516d23) [PhysX] Initialized MultithreadedTaskDispatcher with 16 workers.
 -> (artifact id: '076bfa1219a1c38a0a6c0ae317cea0dd') in 0.011546 seconds
Number of updated asset objects reloaded before import = 0
Number of asset objects unloaded after import = 7
========================================================================
Received Import Request.
  Time since last request: 0.000024 seconds.
  path: Assets/ImportedAssets/Pure Poly/Free Low Poly Nature Pack/Prefabs/PP_Rock_Moss_Grown_11.prefab
  artifactKey: Guid(a524090786e7ba545bd5ce3d24c9a3fb) Importer(2089858483,0ecaa5967403d082aa24f35e1b516d23)
Start importing Assets/ImportedAssets/Pure Poly/Free Low Poly Nature Pack/Prefabs/PP_Rock_Moss_Grown_11.prefab using Guid(a524090786e7ba545bd5ce3d24c9a3fb) Importer(2089858483,0ecaa5967403d082aa24f35e1b516d23) [PhysX] Initialized MultithreadedTaskDispatcher with 16 workers.
 -> (artifact id: '7c1f9a6e8e40eace6fe7bf1b3f071f35') in 0.008762 seconds
Number of updated asset objects reloaded before import = 0
Number of asset objects unloaded after import = 8
========================================================================
Received Import Request.
  Time since last request: 0.000020 seconds.
  path: Assets/ImportedAssets/ModularFirstPersonController/How To Use.pdf
  artifactKey: Guid(167a5ec0045348e4997182aa0e0fcea2) Importer(2089858483,0ecaa5967403d082aa24f35e1b516d23)
Start importing Assets/ImportedAssets/ModularFirstPersonController/How To Use.pdf using Guid(167a5ec0045348e4997182aa0e0fcea2) Importer(2089858483,0ecaa5967403d082aa24f35e1b516d23) [PhysX] Initialized MultithreadedTaskDispatcher with 16 workers.
 -> (artifact id: 'c92f9e340b64203d295259bd56a562ea') in 0.003356 seconds
Number of updated asset objects reloaded before import = 0
Number of asset objects unloaded after import = 1
========================================================================
Received Import Request.
  Time since last request: 0.000047 seconds.
  path: Assets/ImportedAssets/Pure Poly/Free Low Poly Nature Pack/Meshes/PP_Floor_Tile_06.fbx
  artifactKey: Guid(ba7cbaadb67279945bf619c51b7b0893) Importer(2089858483,0ecaa5967403d082aa24f35e1b516d23)
Start importing Assets/ImportedAssets/Pure Poly/Free Low Poly Nature Pack/Meshes/PP_Floor_Tile_06.fbx using Guid(ba7cbaadb67279945bf619c51b7b0893) Importer(2089858483,0ecaa5967403d082aa24f35e1b516d23) [PhysX] Initialized MultithreadedTaskDispatcher with 16 workers.
 -> (artifact id: '7ae0cfb9d72123ce0d3187064932c2c3') in 0.011344 seconds
Number of updated asset objects reloaded before import = 0
Number of asset objects unloaded after import = 7
========================================================================
Received Import Request.
  Time since last request: 0.000019 seconds.
  path: Assets/ImportedAssets/Pure Poly/Free Low Poly Nature Pack/Prefabs/PP_Forest_Mountain_Moss_02.prefab
  artifactKey: Guid(034023ff02a37fc47aab6bc6c49bf15b) Importer(2089858483,0ecaa5967403d082aa24f35e1b516d23)
Start importing Assets/ImportedAssets/Pure Poly/Free Low Poly Nature Pack/Prefabs/PP_Forest_Mountain_Moss_02.prefab using Guid(034023ff02a37fc47aab6bc6c49bf15b) Importer(2089858483,0ecaa5967403d082aa24f35e1b516d23) [PhysX] Initialized MultithreadedTaskDispatcher with 16 workers.
 -> (artifact id: '64050c5fa6ed2b8d5f2205f3d1757444') in 0.009215 seconds
Number of updated asset objects reloaded before import = 0
Number of asset objects unloaded after import = 8
========================================================================
Received Import Request.
  Time since last request: 0.000021 seconds.
  path: Assets/ImportedAssets/Pure Poly/Free Low Poly Nature Pack/Terrain/Terrain Layers/Flatstones_Grey.terrainlayer
  artifactKey: Guid(794e2bed019c8bc4fb1ab439385f5650) Importer(2089858483,0ecaa5967403d082aa24f35e1b516d23)
Start importing Assets/ImportedAssets/Pure Poly/Free Low Poly Nature Pack/Terrain/Terrain Layers/Flatstones_Grey.terrainlayer using Guid(794e2bed019c8bc4fb1ab439385f5650) Importer(2089858483,0ecaa5967403d082aa24f35e1b516d23) [PhysX] Initialized MultithreadedTaskDispatcher with 16 workers.
 -> (artifact id: 'ee505cf8e136d169ebb36750c6a7abd0') in 0.006580 seconds
Number of updated asset objects reloaded before import = 0
Number of asset objects unloaded after import = 3
========================================================================
Received Import Request.
  Time since last request: 0.000025 seconds.
  path: Assets/ImportedAssets/Pure Poly/Free Low Poly Nature Pack/Meshes/PP_Mushroom_Fantasy_Orange_09.fbx
  artifactKey: Guid(43f6c6253561ce74b9f993709176caff) Importer(2089858483,0ecaa5967403d082aa24f35e1b516d23)
Start importing Assets/ImportedAssets/Pure Poly/Free Low Poly Nature Pack/Meshes/PP_Mushroom_Fantasy_Orange_09.fbx using Guid(43f6c6253561ce74b9f993709176caff) Importer(2089858483,0ecaa5967403d082aa24f35e1b516d23) [PhysX] Initialized MultithreadedTaskDispatcher with 16 workers.
 -> (artifact id: 'd303f15b85ad825a2e3f15cf764cf13a') in 0.012388 seconds
Number of updated asset objects reloaded before import = 0
Number of asset objects unloaded after import = 7
========================================================================
Received Import Request.
  Time since last request: 0.000032 seconds.
  path: Assets/ImportedAssets/Pure Poly/Free Low Poly Nature Pack/Materials/PP_Water.mat
  artifactKey: Guid(fa32104831dd72c45a4fb79b6dfdc864) Importer(2089858483,0ecaa5967403d082aa24f35e1b516d23)
Start importing Assets/ImportedAssets/Pure Poly/Free Low Poly Nature Pack/Materials/PP_Water.mat using Guid(fa32104831dd72c45a4fb79b6dfdc864) Importer(2089858483,0ecaa5967403d082aa24f35e1b516d23) [PhysX] Initialized MultithreadedTaskDispatcher with 16 workers.
 -> (artifact id: '5365653a7f6d509afbd6774302154d73') in 0.005049 seconds
Number of updated asset objects reloaded before import = 0
Number of asset objects unloaded after import = 1
========================================================================
Received Import Request.
  Time since last request: 0.000016 seconds.
  path: Assets/ImportedAssets/Pure Poly/Free Low Poly Nature Pack/Meshes/PP_Forest_Mountain_Moss_01.fbx
  artifactKey: Guid(d818648c1b009ab48a03dbcc4ae09583) Importer(2089858483,0ecaa5967403d082aa24f35e1b516d23)
Start importing Assets/ImportedAssets/Pure Poly/Free Low Poly Nature Pack/Meshes/PP_Forest_Mountain_Moss_01.fbx using Guid(d818648c1b009ab48a03dbcc4ae09583) Importer(2089858483,0ecaa5967403d082aa24f35e1b516d23) [PhysX] Initialized MultithreadedTaskDispatcher with 16 workers.
 -> (artifact id: '3cf5627040324837aadcf1e16c75b01f') in 0.009234 seconds
Number of updated asset objects reloaded before import = 0
Number of asset objects unloaded after import = 7
========================================================================
Received Import Request.
  Time since last request: 0.000023 seconds.
  path: Assets/ImportedAssets/Abiogenesis3d/Campfire/Campfire.asmdef
  artifactKey: Guid(c062e088610ced94e85df409254e92ad) Importer(2089858483,0ecaa5967403d082aa24f35e1b516d23)
Start importing Assets/ImportedAssets/Abiogenesis3d/Campfire/Campfire.asmdef using Guid(c062e088610ced94e85df409254e92ad) Importer(2089858483,0ecaa5967403d082aa24f35e1b516d23) [PhysX] Initialized MultithreadedTaskDispatcher with 16 workers.
 -> (artifact id: '35e88f43f0078c7a6accdf5e13706016') in 0.006640 seconds
Number of updated asset objects reloaded before import = 0
Number of asset objects unloaded after import = 1
========================================================================
Received Import Request.
  Time since last request: 0.000018 seconds.
  path: Assets/ImportedAssets/Nanolod/package.json
  artifactKey: Guid(79665bae5f9474dd3bbafb840ce97133) Importer(2089858483,0ecaa5967403d082aa24f35e1b516d23)
Start importing Assets/ImportedAssets/Nanolod/package.json using Guid(79665bae5f9474dd3bbafb840ce97133) Importer(2089858483,0ecaa5967403d082aa24f35e1b516d23) [PhysX] Initialized MultithreadedTaskDispatcher with 16 workers.
 -> (artifact id: '0d7f4d7844fa5c2928ba72686acd0605') in 0.004586 seconds
Number of updated asset objects reloaded before import = 0
Number of asset objects unloaded after import = 1
========================================================================
Received Import Request.
  Time since last request: 0.000039 seconds.
  path: Assets/ImportedAssets/Pure Poly/Free Low Poly Nature Pack/Meshes/PP_Small_Fence_04.fbx
  artifactKey: Guid(df6bfad86f8c92741b166026d38197c8) Importer(2089858483,0ecaa5967403d082aa24f35e1b516d23)
Start importing Assets/ImportedAssets/Pure Poly/Free Low Poly Nature Pack/Meshes/PP_Small_Fence_04.fbx using Guid(df6bfad86f8c92741b166026d38197c8) Importer(2089858483,0ecaa5967403d082aa24f35e1b516d23) [PhysX] Initialized MultithreadedTaskDispatcher with 16 workers.
 -> (artifact id: 'c558f6f1ebfdb9f12965c6b7fd00f8b1') in 0.014596 seconds
Number of updated asset objects reloaded before import = 0
Number of asset objects unloaded after import = 7
========================================================================
Received Import Request.
  Time since last request: 0.000025 seconds.
  path: Assets/Scenes/Scene_Main.unity
  artifactKey: Guid(5971c0f47e14dd344a92c7a4e66aa9c4) Importer(2089858483,0ecaa5967403d082aa24f35e1b516d23)
Start importing Assets/Scenes/Scene_Main.unity using Guid(5971c0f47e14dd344a92c7a4e66aa9c4) Importer(2089858483,0ecaa5967403d082aa24f35e1b516d23) [PhysX] Initialized MultithreadedTaskDispatcher with 16 workers.
 -> (artifact id: '9f513392d0c924f3a998d9df652c4997') in 0.003657 seconds
Number of updated asset objects reloaded before import = 0
Number of asset objects unloaded after import = 1
========================================================================
Received Import Request.
  Time since last request: 0.000020 seconds.
  path: Assets/ImportedAssets/Nanolod/Examples/Precomputed/Instructions.png
  artifactKey: Guid(23efae4ff5e1245b68cc9e292864771f) Importer(2089858483,0ecaa5967403d082aa24f35e1b516d23)
Start importing Assets/ImportedAssets/Nanolod/Examples/Precomputed/Instructions.png using Guid(23efae4ff5e1245b68cc9e292864771f) Importer(2089858483,0ecaa5967403d082aa24f35e1b516d23) [PhysX] Initialized MultithreadedTaskDispatcher with 16 workers.
 -> (artifact id: '39d9a0b81fafa30319bf2a5f49a576e5') in 0.012553 seconds
Number of updated asset objects reloaded before import = 0
Number of asset objects unloaded after import = 3
========================================================================
Received Import Request.
  Time since last request: 0.000022 seconds.
  path: Assets/ImportedAssets/Pure Poly/Free Low Poly Nature Pack/Prefabs/PP_Sunflower_04.prefab
  artifactKey: Guid(18bb023d75a113f4cb8d1452371f5c0e) Importer(2089858483,0ecaa5967403d082aa24f35e1b516d23)
Start importing Assets/ImportedAssets/Pure Poly/Free Low Poly Nature Pack/Prefabs/PP_Sunflower_04.prefab using Guid(18bb023d75a113f4cb8d1452371f5c0e) Importer(2089858483,0ecaa5967403d082aa24f35e1b516d23) [PhysX] Initialized MultithreadedTaskDispatcher with 16 workers.
 -> (artifact id: 'f69d383602a4c0a66b7198b15da6d20d') in 0.008609 seconds
Number of updated asset objects reloaded before import = 0
Number of asset objects unloaded after import = 8
========================================================================
Received Import Request.
  Time since last request: 0.000027 seconds.
  path: Assets/Scenes/Scene_BeforeOptimization.unity
  artifactKey: Guid(7d9ca3b1642fc2940a5eda63b7c8c91d) Importer(2089858483,0ecaa5967403d082aa24f35e1b516d23)
Start importing Assets/Scenes/Scene_BeforeOptimization.unity using Guid(7d9ca3b1642fc2940a5eda63b7c8c91d) Importer(2089858483,0ecaa5967403d082aa24f35e1b516d23) [PhysX] Initialized MultithreadedTaskDispatcher with 16 workers.
 -> (artifact id: 'a5054cb626fa9f3de8662eaddcc9bf20') in 0.003264 seconds
Number of updated asset objects reloaded before import = 0
Number of asset objects unloaded after import = 1
========================================================================
Received Import Request.
  Time since last request: 0.000026 seconds.
  path: Assets/UnityTechnologies/SpaceRobotKyle/Models/Robot Kyle.fbx
  artifactKey: Guid(320b1c2af77554f99a1658df4a6d3d5c) Importer(2089858483,0ecaa5967403d082aa24f35e1b516d23)
Start importing Assets/UnityTechnologies/SpaceRobotKyle/Models/Robot Kyle.fbx using Guid(320b1c2af77554f99a1658df4a6d3d5c) Importer(2089858483,0ecaa5967403d082aa24f35e1b516d23) [PhysX] Initialized MultithreadedTaskDispatcher with 16 workers.
 -> (artifact id: '5407e1b9f420fdd5bc0bb67486185f1b') in 0.022648 seconds
Number of updated asset objects reloaded before import = 0
Number of asset objects unloaded after import = 108
========================================================================
Received Import Request.
  Time since last request: 0.000030 seconds.
  path: Assets/ImportedAssets/Abiogenesis3d/Campfire/Scenes/Example.unity
  artifactKey: Guid(3c515aace3a9bdb4fa0b14b54c2dace9) Importer(2089858483,0ecaa5967403d082aa24f35e1b516d23)
Start importing Assets/ImportedAssets/Abiogenesis3d/Campfire/Scenes/Example.unity using Guid(3c515aace3a9bdb4fa0b14b54c2dace9) Importer(2089858483,0ecaa5967403d082aa24f35e1b516d23) [PhysX] Initialized MultithreadedTaskDispatcher with 16 workers.
 -> (artifact id: 'a8fd1fcc4d423b2985f5e4ce0afc12f7') in 0.004007 seconds
Number of updated asset objects reloaded before import = 0
Number of asset objects unloaded after import = 1
========================================================================
Received Import Request.
  Time since last request: 0.000036 seconds.
  path: Assets/ImportedAssets/Pure Poly/Free Low Poly Nature Pack/Prefabs/PP_Mushroom_Fantasy_Purple_08.prefab
  artifactKey: Guid(d3ee913ed32937344b0587e70dc777a2) Importer(2089858483,0ecaa5967403d082aa24f35e1b516d23)
Start importing Assets/ImportedAssets/Pure Poly/Free Low Poly Nature Pack/Prefabs/PP_Mushroom_Fantasy_Purple_08.prefab using Guid(d3ee913ed32937344b0587e70dc777a2) Importer(2089858483,0ecaa5967403d082aa24f35e1b516d23) [PhysX] Initialized MultithreadedTaskDispatcher with 16 workers.
 -> (artifact id: '76f8904b7449452ba0df75f13e0a36f6') in 0.011425 seconds
Number of updated asset objects reloaded before import = 0
Number of asset objects unloaded after import = 8
========================================================================
Received Import Request.
  Time since last request: 0.000038 seconds.
  path: Assets/ImportedAssets/Pure Poly/Free Low Poly Nature Pack/Prefabs/PP_Floor_Tile_05.prefab
  artifactKey: Guid(fb4b616e7acaf3845b99b4a7364d26a7) Importer(2089858483,0ecaa5967403d082aa24f35e1b516d23)
Start importing Assets/ImportedAssets/Pure Poly/Free Low Poly Nature Pack/Prefabs/PP_Floor_Tile_05.prefab using Guid(fb4b616e7acaf3845b99b4a7364d26a7) Importer(2089858483,0ecaa5967403d082aa24f35e1b516d23) [PhysX] Initialized MultithreadedTaskDispatcher with 16 workers.
 -> (artifact id: 'e0289b11d8cd379da1a2b152961c3bed') in 0.014419 seconds
Number of updated asset objects reloaded before import = 0
Number of asset objects unloaded after import = 8
========================================================================
Received Import Request.
  Time since last request: 0.000019 seconds.
  path: Assets/ImportedAssets/Pure Poly/Free Low Poly Nature Pack/Prefabs/PP_Small_Fence_01.prefab
  artifactKey: Guid(5982498dbeabe954f892b2bbcfb141c3) Importer(2089858483,0ecaa5967403d082aa24f35e1b516d23)
Start importing Assets/ImportedAssets/Pure Poly/Free Low Poly Nature Pack/Prefabs/PP_Small_Fence_01.prefab using Guid(5982498dbeabe954f892b2bbcfb141c3) Importer(2089858483,0ecaa5967403d082aa24f35e1b516d23) [PhysX] Initialized MultithreadedTaskDispatcher with 16 workers.
 -> (artifact id: '9beae9b4cce42be16fcd31fb0cbd93f3') in 0.009387 seconds
Number of updated asset objects reloaded before import = 0
Number of asset objects unloaded after import = 8
========================================================================
Received Import Request.
  Time since last request: 0.000030 seconds.
  path: Assets/ImportedAssets/Nanolod/Examples/Assets/Forest Dude/Forest Dude.fbx
  artifactKey: Guid(c7fd2c091099541f0bae3fb400319144) Importer(2089858483,0ecaa5967403d082aa24f35e1b516d23)
Start importing Assets/ImportedAssets/Nanolod/Examples/Assets/Forest Dude/Forest Dude.fbx using Guid(c7fd2c091099541f0bae3fb400319144) Importer(2089858483,0ecaa5967403d082aa24f35e1b516d23) [PhysX] Initialized MultithreadedTaskDispatcher with 16 workers.
 -> (artifact id: '6221a72a8bef3d0192b32a275e20ca9e') in 0.030107 seconds
Number of updated asset objects reloaded before import = 0
Number of asset objects unloaded after import = 381
========================================================================
Received Import Request.
  Time since last request: 0.000026 seconds.
  path: Assets/ImportedAssets/ModularFirstPersonController/DemoScene/Gridbox Prototype Materials/Resources/Textures/Prototype Grid/prototype_512x512_green1.png
  artifactKey: Guid(4967dfcee94bddd4ba1430cb6fa1f304) Importer(2089858483,0ecaa5967403d082aa24f35e1b516d23)
Start importing Assets/ImportedAssets/ModularFirstPersonController/DemoScene/Gridbox Prototype Materials/Resources/Textures/Prototype Grid/prototype_512x512_green1.png using Guid(4967dfcee94bddd4ba1430cb6fa1f304) Importer(2089858483,0ecaa5967403d082aa24f35e1b516d23) [PhysX] Initialized MultithreadedTaskDispatcher with 16 workers.
 -> (artifact id: '3e08a3ef74d695b26131fef43e02b89d') in 0.012025 seconds
Number of updated asset objects reloaded before import = 0
Number of asset objects unloaded after import = 1
========================================================================
Received Import Request.
  Time since last request: 0.000025 seconds.
  path: Assets/ImportedAssets/ModularFirstPersonController/DemoScene/Gridbox Prototype Materials/Resources/Textures/Prototype Grid/prototype_512x512_grey2.png
  artifactKey: Guid(37920ac3813690349a856bbe19a86e2b) Importer(2089858483,0ecaa5967403d082aa24f35e1b516d23)
Start importing Assets/ImportedAssets/ModularFirstPersonController/DemoScene/Gridbox Prototype Materials/Resources/Textures/Prototype Grid/prototype_512x512_grey2.png using Guid(37920ac3813690349a856bbe19a86e2b) Importer(2089858483,0ecaa5967403d082aa24f35e1b516d23) [PhysX] Initialized MultithreadedTaskDispatcher with 16 workers.
 -> (artifact id: 'e030f7a6675179ac2c54f15740f0fbfd') in 0.012146 seconds
Number of updated asset objects reloaded before import = 0
Number of asset objects unloaded after import = 1
========================================================================
Received Import Request.
  Time since last request: 0.000054 seconds.
  path: Assets/ImportedAssets/ModularFirstPersonController/DemoScene/Gridbox Prototype Materials/Resources/Materials/Prototype Grid/Prototype_512x512_Grey4.mat
  artifactKey: Guid(8d530ffe6c4968843806085897955b9d) Importer(2089858483,0ecaa5967403d082aa24f35e1b516d23)
Start importing Assets/ImportedAssets/ModularFirstPersonController/DemoScene/Gridbox Prototype Materials/Resources/Materials/Prototype Grid/Prototype_512x512_Grey4.mat using Guid(8d530ffe6c4968843806085897955b9d) Importer(2089858483,0ecaa5967403d082aa24f35e1b516d23) [PhysX] Initialized MultithreadedTaskDispatcher with 16 workers.
 -> (artifact id: '27c9c201502433e2006489737cc76f2e') in 0.009900 seconds
Number of updated asset objects reloaded before import = 0
Number of asset objects unloaded after import = 2
========================================================================
Received Import Request.
  Time since last request: 0.000021 seconds.
  path: Assets/ImportedAssets/ModularFirstPersonController/DemoScene/Gridbox Prototype Materials/Resources/Materials/Prototype Grid/Prototype_512x512_Blue1.mat
  artifactKey: Guid(663834164c6a04740aaa1b778249ce7e) Importer(2089858483,0ecaa5967403d082aa24f35e1b516d23)
Start importing Assets/ImportedAssets/ModularFirstPersonController/DemoScene/Gridbox Prototype Materials/Resources/Materials/Prototype Grid/Prototype_512x512_Blue1.mat using Guid(663834164c6a04740aaa1b778249ce7e) Importer(2089858483,0ecaa5967403d082aa24f35e1b516d23) [PhysX] Initialized MultithreadedTaskDispatcher with 16 workers.
 -> (artifact id: '738e359b00a0620a913e6020c0beb03f') in 0.009756 seconds
Number of updated asset objects reloaded before import = 0
Number of asset objects unloaded after import = 2
========================================================================
Received Import Request.
  Time since last request: 0.000024 seconds.
  path: Assets/ImportedAssets/ModularFirstPersonController/DemoScene/Gridbox Prototype Materials/Resources/Materials/Prototype Grid/Prototype_512x512_Blue3.mat
  artifactKey: Guid(b0b4de3bd6e976e4f8b3adc6e72377ed) Importer(2089858483,0ecaa5967403d082aa24f35e1b516d23)
Start importing Assets/ImportedAssets/ModularFirstPersonController/DemoScene/Gridbox Prototype Materials/Resources/Materials/Prototype Grid/Prototype_512x512_Blue3.mat using Guid(b0b4de3bd6e976e4f8b3adc6e72377ed) Importer(2089858483,0ecaa5967403d082aa24f35e1b516d23) [PhysX] Initialized MultithreadedTaskDispatcher with 16 workers.
 -> (artifact id: 'fb6dbe958583f6e69ede623366a8c32a') in 0.020449 seconds
Number of updated asset objects reloaded before import = 0
Number of asset objects unloaded after import = 2
========================================================================
Received Import Request.
  Time since last request: 0.000021 seconds.
  path: Assets/ImportedAssets/ModularFirstPersonController/DemoScene/Gridbox Prototype Materials/Resources/Textures/Prototype Grid/prototype_512x512_grey4.png
  artifactKey: Guid(ed0c2c8a99e92e14ba740ac8aa428288) Importer(2089858483,0ecaa5967403d082aa24f35e1b516d23)
Start importing Assets/ImportedAssets/ModularFirstPersonController/DemoScene/Gridbox Prototype Materials/Resources/Textures/Prototype Grid/prototype_512x512_grey4.png using Guid(ed0c2c8a99e92e14ba740ac8aa428288) Importer(2089858483,0ecaa5967403d082aa24f35e1b516d23) [PhysX] Initialized MultithreadedTaskDispatcher with 16 workers.
 -> (artifact id: '43462ba6d23bb782e1c1ce484cbfbeb2') in 0.008708 seconds
Number of updated asset objects reloaded before import = 0
Number of asset objects unloaded after import = 1
========================================================================
Received Import Request.
  Time since last request: 0.000041 seconds.
  path: Assets/ImportedAssets/ModularFirstPersonController/DemoScene/Gridbox Prototype Materials/Resources/Textures/Prototype Grid/prototype_512x512_purple.png
  artifactKey: Guid(aa0c741df9dd8634c8d84fd9ba2b0e3d) Importer(2089858483,0ecaa5967403d082aa24f35e1b516d23)
Start importing Assets/ImportedAssets/ModularFirstPersonController/DemoScene/Gridbox Prototype Materials/Resources/Textures/Prototype Grid/prototype_512x512_purple.png using Guid(aa0c741df9dd8634c8d84fd9ba2b0e3d) Importer(2089858483,0ecaa5967403d082aa24f35e1b516d23) [PhysX] Initialized MultithreadedTaskDispatcher with 16 workers.
 -> (artifact id: 'f3c2e4a9253bc30d30da14cd1e3ce39f') in 0.007646 seconds
Number of updated asset objects reloaded before import = 0
Number of asset objects unloaded after import = 1
========================================================================
Received Import Request.
  Time since last request: 0.000111 seconds.
  path: Assets/ImportedAssets/ModularFirstPersonController/DemoScene/Gridbox Prototype Materials/Resources/Materials/Prototype Grid/Prototype_512x512_Orange.mat
  artifactKey: Guid(652107f36a28e44479c0b827dee5852a) Importer(2089858483,0ecaa5967403d082aa24f35e1b516d23)
Start importing Assets/ImportedAssets/ModularFirstPersonController/DemoScene/Gridbox Prototype Materials/Resources/Materials/Prototype Grid/Prototype_512x512_Orange.mat using Guid(652107f36a28e44479c0b827dee5852a) Importer(2089858483,0ecaa5967403d082aa24f35e1b516d23) [PhysX] Initialized MultithreadedTaskDispatcher with 16 workers.
 -> (artifact id: 'b5cf0d57e1cb0fe776eabe11dc3693a9') in 0.010522 seconds
Number of updated asset objects reloaded before import = 0
Number of asset objects unloaded after import = 2
========================================================================
Received Import Request.
  Time since last request: 0.000020 seconds.
  path: Assets/ImportedAssets/Pure Poly/Free Low Poly Nature Pack/Terrain/Terrain_Textures/PP_Pebbles_Mid_Brown.png
  artifactKey: Guid(dc51d23bfd6e3eb44b6fb4b496b906f9) Importer(2089858483,0ecaa5967403d082aa24f35e1b516d23)
Start importing Assets/ImportedAssets/Pure Poly/Free Low Poly Nature Pack/Terrain/Terrain_Textures/PP_Pebbles_Mid_Brown.png using Guid(dc51d23bfd6e3eb44b6fb4b496b906f9) Importer(2089858483,0ecaa5967403d082aa24f35e1b516d23) [PhysX] Initialized MultithreadedTaskDispatcher with 16 workers.
 -> (artifact id: '9867f310b5458953a1c63560cf029791') in 0.008287 seconds
Number of updated asset objects reloaded before import = 0
Number of asset objects unloaded after import = 1
========================================================================
Received Import Request.
  Time since last request: 0.000019 seconds.
  path: Assets/ImportedAssets/ModularFirstPersonController/DemoScene/Gridbox Prototype Materials/Resources/Materials/Prototype Grid/Prototype_512x512_Green1.mat
  artifactKey: Guid(79f64ed6f5d6d374d91c3a0af4070258) Importer(2089858483,0ecaa5967403d082aa24f35e1b516d23)
Start importing Assets/ImportedAssets/ModularFirstPersonController/DemoScene/Gridbox Prototype Materials/Resources/Materials/Prototype Grid/Prototype_512x512_Green1.mat using Guid(79f64ed6f5d6d374d91c3a0af4070258) Importer(2089858483,0ecaa5967403d082aa24f35e1b516d23) [PhysX] Initialized MultithreadedTaskDispatcher with 16 workers.
 -> (artifact id: '8e1beec0ae72407f467a49d30261d22b') in 0.024233 seconds
Number of updated asset objects reloaded before import = 0
Number of asset objects unloaded after import = 2
========================================================================
Received Import Request.
  Time since last request: 0.000036 seconds.
  path: Assets/ImportedAssets/ModularFirstPersonController/DemoScene/Gridbox Prototype Materials/Resources/Textures/Prototype Grid/prototype_512x512_white.png
  artifactKey: Guid(9397418d1d7b12543bf27fb61b93bbea) Importer(2089858483,0ecaa5967403d082aa24f35e1b516d23)
Start importing Assets/ImportedAssets/ModularFirstPersonController/DemoScene/Gridbox Prototype Materials/Resources/Textures/Prototype Grid/prototype_512x512_white.png using Guid(9397418d1d7b12543bf27fb61b93bbea) Importer(2089858483,0ecaa5967403d082aa24f35e1b516d23) [PhysX] Initialized MultithreadedTaskDispatcher with 16 workers.
 -> (artifact id: '46b18f7d8aff4179913563941387d435') in 0.011340 seconds
Number of updated asset objects reloaded before import = 0
Number of asset objects unloaded after import = 1
========================================================================
Received Import Request.
  Time since last request: 0.000015 seconds.
  path: Assets/ImportedAssets/Pure Poly/Free Low Poly Nature Pack/Terrain/Terrain_Textures/PP_Pebbles_Green_Ground.png
  artifactKey: Guid(7d30d8653bc2dfb41bbe9668738a3cef) Importer(2089858483,0ecaa5967403d082aa24f35e1b516d23)
Start importing Assets/ImportedAssets/Pure Poly/Free Low Poly Nature Pack/Terrain/Terrain_Textures/PP_Pebbles_Green_Ground.png using Guid(7d30d8653bc2dfb41bbe9668738a3cef) Importer(2089858483,0ecaa5967403d082aa24f35e1b516d23) [PhysX] Initialized MultithreadedTaskDispatcher with 16 workers.
 -> (artifact id: '16593f426ad5cc30087ee42476420efe') in 0.008577 seconds
Number of updated asset objects reloaded before import = 0
Number of asset objects unloaded after import = 1
========================================================================
Received Import Request.
  Time since last request: 0.000023 seconds.
  path: Assets/ImportedAssets/Pure Poly/Free Low Poly Nature Pack/Terrain/Terrain_Textures/PP_Pebbles_Dark_Brown_Ground.png
  artifactKey: Guid(e9230f36841b3bf41afe18312561b03d) Importer(2089858483,0ecaa5967403d082aa24f35e1b516d23)
Start importing Assets/ImportedAssets/Pure Poly/Free Low Poly Nature Pack/Terrain/Terrain_Textures/PP_Pebbles_Dark_Brown_Ground.png using Guid(e9230f36841b3bf41afe18312561b03d) Importer(2089858483,0ecaa5967403d082aa24f35e1b516d23) [PhysX] Initialized MultithreadedTaskDispatcher with 16 workers.
 -> (artifact id: '610777e0b95cc8d7b6cfc7f7316081b9') in 0.008308 seconds
Number of updated asset objects reloaded before import = 0
Number of asset objects unloaded after import = 1
========================================================================
Received Import Request.
  Time since last request: 0.000018 seconds.
  path: Assets/ImportedAssets/ModularFirstPersonController/DemoScene/Gridbox Prototype Materials/Resources/Materials/Prototype Grid/Prototype_512x512_Green2.mat
  artifactKey: Guid(dbe80190c9adea34c8c8845ca4a17934) Importer(2089858483,0ecaa5967403d082aa24f35e1b516d23)
Start importing Assets/ImportedAssets/ModularFirstPersonController/DemoScene/Gridbox Prototype Materials/Resources/Materials/Prototype Grid/Prototype_512x512_Green2.mat using Guid(dbe80190c9adea34c8c8845ca4a17934) Importer(2089858483,0ecaa5967403d082aa24f35e1b516d23) [PhysX] Initialized MultithreadedTaskDispatcher with 16 workers.
 -> (artifact id: '270282feac47e9b5543a4c15ffcb1009') in 0.010544 seconds
Number of updated asset objects reloaded before import = 0
Number of asset objects unloaded after import = 2
========================================================================
Received Import Request.
  Time since last request: 0.000038 seconds.
  path: Assets/ImportedAssets/ModularFirstPersonController/DemoScene/Gridbox Prototype Materials/Resources/Materials/Prototype Grid/Prototype_512x512_Yellow.mat
  artifactKey: Guid(c852af001dae0064e9acaa832f1dadb7) Importer(2089858483,0ecaa5967403d082aa24f35e1b516d23)
Start importing Assets/ImportedAssets/ModularFirstPersonController/DemoScene/Gridbox Prototype Materials/Resources/Materials/Prototype Grid/Prototype_512x512_Yellow.mat using Guid(c852af001dae0064e9acaa832f1dadb7) Importer(2089858483,0ecaa5967403d082aa24f35e1b516d23) [PhysX] Initialized MultithreadedTaskDispatcher with 16 workers.
 -> (artifact id: '2b1cd70e153f065b86b0a0c6f3c75bb5') in 0.019151 seconds
Number of updated asset objects reloaded before import = 0
Number of asset objects unloaded after import = 2
========================================================================
Received Import Request.
  Time since last request: 0.000021 seconds.
  path: Assets/ImportedAssets/Pure Poly/Free Low Poly Nature Pack/Terrain/Terrain_Textures/PP_Pebbles_Light_Brown.png
  artifactKey: Guid(2eff19f7192072a4393aebd5f9d837fe) Importer(2089858483,0ecaa5967403d082aa24f35e1b516d23)
Start importing Assets/ImportedAssets/Pure Poly/Free Low Poly Nature Pack/Terrain/Terrain_Textures/PP_Pebbles_Light_Brown.png using Guid(2eff19f7192072a4393aebd5f9d837fe) Importer(2089858483,0ecaa5967403d082aa24f35e1b516d23) [PhysX] Initialized MultithreadedTaskDispatcher with 16 workers.
 -> (artifact id: '52381c322cfe05dff5fa4f9401b22163') in 0.014887 seconds
Number of updated asset objects reloaded before import = 0
Number of asset objects unloaded after import = 1
========================================================================
Received Import Request.
  Time since last request: 0.000024 seconds.
  path: Assets/ImportedAssets/ModularFirstPersonController/DemoScene/Gridbox Prototype Materials/Resources/Textures/Prototype Grid/prototype_512x512_blue2.png
  artifactKey: Guid(17198718c5735204999fb13dc36e290f) Importer(2089858483,0ecaa5967403d082aa24f35e1b516d23)
Start importing Assets/ImportedAssets/ModularFirstPersonController/DemoScene/Gridbox Prototype Materials/Resources/Textures/Prototype Grid/prototype_512x512_blue2.png using Guid(17198718c5735204999fb13dc36e290f) Importer(2089858483,0ecaa5967403d082aa24f35e1b516d23) [PhysX] Initialized MultithreadedTaskDispatcher with 16 workers.
 -> (artifact id: 'e0c455e0dcf72d48865a9e9d40188a33') in 0.009747 seconds
Number of updated asset objects reloaded before import = 0
Number of asset objects unloaded after import = 1
========================================================================
Received Import Request.
  Time since last request: 0.000040 seconds.
  path: Assets/ImportedAssets/Pure Poly/Free Low Poly Nature Pack/Terrain/Terrain_Textures/PP_Ground_Normal.png
  artifactKey: Guid(57f965cd288c97e42b37fa5305ec1118) Importer(2089858483,0ecaa5967403d082aa24f35e1b516d23)
Start importing Assets/ImportedAssets/Pure Poly/Free Low Poly Nature Pack/Terrain/Terrain_Textures/PP_Ground_Normal.png using Guid(57f965cd288c97e42b37fa5305ec1118) Importer(2089858483,0ecaa5967403d082aa24f35e1b516d23) [PhysX] Initialized MultithreadedTaskDispatcher with 16 workers.
 -> (artifact id: '719c65cf9d4e8dbdd32a26dfc2e0775e') in 0.036539 seconds
Number of updated asset objects reloaded before import = 0
Number of asset objects unloaded after import = 1
========================================================================
Received Import Request.
  Time since last request: 0.000035 seconds.
  path: Assets/ImportedAssets/ModularFirstPersonController/DemoScene/Gridbox Prototype Materials/Resources/Materials/Prototype Grid/Prototype_512x512_Grey2.mat
  artifactKey: Guid(07dc66ae04b7f6a43b9674bf0fefb33a) Importer(2089858483,0ecaa5967403d082aa24f35e1b516d23)
Start importing Assets/ImportedAssets/ModularFirstPersonController/DemoScene/Gridbox Prototype Materials/Resources/Materials/Prototype Grid/Prototype_512x512_Grey2.mat using Guid(07dc66ae04b7f6a43b9674bf0fefb33a) Importer(2089858483,0ecaa5967403d082aa24f35e1b516d23) [PhysX] Initialized MultithreadedTaskDispatcher with 16 workers.
 -> (artifact id: 'bbd15486ac38b8df97629a4a4af69817') in 0.017483 seconds
Number of updated asset objects reloaded before import = 0
Number of asset objects unloaded after import = 2
========================================================================
Received Import Request.
  Time since last request: 0.000036 seconds.
  path: Assets/ImportedAssets/ModularFirstPersonController/DemoScene/Gridbox Prototype Materials/Resources/Textures/Prototype Grid/prototype_512x512_blue3.png
  artifactKey: Guid(b6fc60785b6a795478135ce6f7712c5a) Importer(2089858483,0ecaa5967403d082aa24f35e1b516d23)
Start importing Assets/ImportedAssets/ModularFirstPersonController/DemoScene/Gridbox Prototype Materials/Resources/Textures/Prototype Grid/prototype_512x512_blue3.png using Guid(b6fc60785b6a795478135ce6f7712c5a) Importer(2089858483,0ecaa5967403d082aa24f35e1b516d23) [PhysX] Initialized MultithreadedTaskDispatcher with 16 workers.
 -> (artifact id: 'b1498fc5a0e6142fd0bb39eb91187239') in 0.010795 seconds
Number of updated asset objects reloaded before import = 0
Number of asset objects unloaded after import = 1
========================================================================
Received Import Request.
  Time since last request: 0.000017 seconds.
  path: Assets/ImportedAssets/ModularFirstPersonController/DemoScene/Gridbox Prototype Materials/Resources/Textures/Prototype Grid/prototype_512x512_green2.png
  artifactKey: Guid(382df89af99b9f2459dd19206e68a63d) Importer(2089858483,0ecaa5967403d082aa24f35e1b516d23)
Start importing Assets/ImportedAssets/ModularFirstPersonController/DemoScene/Gridbox Prototype Materials/Resources/Textures/Prototype Grid/prototype_512x512_green2.png using Guid(382df89af99b9f2459dd19206e68a63d) Importer(2089858483,0ecaa5967403d082aa24f35e1b516d23) [PhysX] Initialized MultithreadedTaskDispatcher with 16 workers.
 -> (artifact id: 'f958a477e548d230896c6fffaced86be') in 0.008281 seconds
Number of updated asset objects reloaded before import = 0
Number of asset objects unloaded after import = 1
========================================================================
Received Import Request.
  Time since last request: 0.000015 seconds.
  path: Assets/ImportedAssets/Nanolod/Examples/Assets/Forest Dude/Normal.png
  artifactKey: Guid(7dccdd3f8c7ba4e66b7f0059e558d682) Importer(2089858483,0ecaa5967403d082aa24f35e1b516d23)
Start importing Assets/ImportedAssets/Nanolod/Examples/Assets/Forest Dude/Normal.png using Guid(7dccdd3f8c7ba4e66b7f0059e558d682) Importer(2089858483,0ecaa5967403d082aa24f35e1b516d23) [PhysX] Initialized MultithreadedTaskDispatcher with 16 workers.
 -> (artifact id: 'af05ca7ed85db9daa7ecb40506889f98') in 0.039075 seconds
Number of updated asset objects reloaded before import = 0
Number of asset objects unloaded after import = 1
========================================================================
Received Import Request.
  Time since last request: 0.000020 seconds.
  path: Assets/ImportedAssets/Pure Poly/Free Low Poly Nature Pack/Terrain/Terrain_Textures/PP_Flatstone_Normal.png
  artifactKey: Guid(b21d569173027a2419a4c1ee204e8095) Importer(2089858483,0ecaa5967403d082aa24f35e1b516d23)
Start importing Assets/ImportedAssets/Pure Poly/Free Low Poly Nature Pack/Terrain/Terrain_Textures/PP_Flatstone_Normal.png using Guid(b21d569173027a2419a4c1ee204e8095) Importer(2089858483,0ecaa5967403d082aa24f35e1b516d23) [PhysX] Initialized MultithreadedTaskDispatcher with 16 workers.
 -> (artifact id: '2814ff4b02831f7308eee0d23211c00d') in 0.009731 seconds
Number of updated asset objects reloaded before import = 0
Number of asset objects unloaded after import = 1
========================================================================
Received Import Request.
  Time since last request: 0.000022 seconds.
  path: Assets/ImportedAssets/Nanolod/Examples/Runtime/DecimateSlider.cs
  artifactKey: Guid(ecd06dee1ec264fd48ffa81de21923b7) Importer(2089858483,0ecaa5967403d082aa24f35e1b516d23)
Start importing Assets/ImportedAssets/Nanolod/Examples/Runtime/DecimateSlider.cs using Guid(ecd06dee1ec264fd48ffa81de21923b7) Importer(2089858483,0ecaa5967403d082aa24f35e1b516d23) [PhysX] Initialized MultithreadedTaskDispatcher with 16 workers.
 -> (artifact id: 'dc32e8999a931d34bc6ee3f31c6bc6d5') in 0.003897 seconds
Number of updated asset objects reloaded before import = 0
Number of asset objects unloaded after import = 1
========================================================================
Received Import Request.
  Time since last request: 0.000061 seconds.
  path: Assets/ImportedAssets/ModularFirstPersonController/DemoScene/Gridbox Prototype Materials/Resources/Textures/Prototype Grid/prototype_512x512_cyan.png
  artifactKey: Guid(6c35396cb8128474a8a73c6b19f2fe1f) Importer(2089858483,0ecaa5967403d082aa24f35e1b516d23)
Start importing Assets/ImportedAssets/ModularFirstPersonController/DemoScene/Gridbox Prototype Materials/Resources/Textures/Prototype Grid/prototype_512x512_cyan.png using Guid(6c35396cb8128474a8a73c6b19f2fe1f) Importer(2089858483,0ecaa5967403d082aa24f35e1b516d23) [PhysX] Initialized MultithreadedTaskDispatcher with 16 workers.
 -> (artifact id: 'a9d5bb9d729c8d6c9fdbd669fc359fe2') in 0.008048 seconds
Number of updated asset objects reloaded before import = 0
Number of asset objects unloaded after import = 1
========================================================================
Received Import Request.
  Time since last request: 0.000023 seconds.
  path: Assets/ImportedAssets/ModularFirstPersonController/FirstPersonController/FirstPersonController.prefab
  artifactKey: Guid(6bacecc4f3df9584198879c73a6b6c36) Importer(2089858483,0ecaa5967403d082aa24f35e1b516d23)
Start importing Assets/ImportedAssets/ModularFirstPersonController/FirstPersonController/FirstPersonController.prefab using Guid(6bacecc4f3df9584198879c73a6b6c36) Importer(2089858483,0ecaa5967403d082aa24f35e1b516d23) [PhysX] Initialized MultithreadedTaskDispatcher with 16 workers.
 -> (artifact id: '111c25c6fc6560c2c47133549bd1f403') in 0.086922 seconds
Number of updated asset objects reloaded before import = 0
Number of asset objects unloaded after import = 35
========================================================================
Received Import Request.
  Time since last request: 0.000020 seconds.
  path: Assets/ImportedAssets/Pure Poly/Free Low Poly Nature Pack/Meshes/PP_Meadow_Path_05.fbx
  artifactKey: Guid(324d33f3ad1481c4e8ba55d696fe64d9) Importer(2089858483,0ecaa5967403d082aa24f35e1b516d23)
Start importing Assets/ImportedAssets/Pure Poly/Free Low Poly Nature Pack/Meshes/PP_Meadow_Path_05.fbx using Guid(324d33f3ad1481c4e8ba55d696fe64d9) Importer(2089858483,0ecaa5967403d082aa24f35e1b516d23) [PhysX] Initialized MultithreadedTaskDispatcher with 16 workers.
 -> (artifact id: '916614e396dc56a191a8bfa7323013cc') in 0.008747 seconds
Number of updated asset objects reloaded before import = 0
Number of asset objects unloaded after import = 7
========================================================================
Received Import Request.
  Time since last request: 0.000015 seconds.
  path: Assets/ImportedAssets/Pure Poly/Free Low Poly Nature Pack/Terrain/Terrain_Textures/PP_Ground_Dark_Brown.png
  artifactKey: Guid(62c711fefabb87547b1abdc31423bd82) Importer(2089858483,0ecaa5967403d082aa24f35e1b516d23)
Start importing Assets/ImportedAssets/Pure Poly/Free Low Poly Nature Pack/Terrain/Terrain_Textures/PP_Ground_Dark_Brown.png using Guid(62c711fefabb87547b1abdc31423bd82) Importer(2089858483,0ecaa5967403d082aa24f35e1b516d23) [PhysX] Initialized MultithreadedTaskDispatcher with 16 workers.
 -> (artifact id: 'efba57211763ed3b3c75ef1346ef1435') in 0.008157 seconds
Number of updated asset objects reloaded before import = 0
Number of asset objects unloaded after import = 1
========================================================================
Received Import Request.
  Time since last request: 0.000053 seconds.
  path: Assets/ImportedAssets/ModularFirstPersonController/DemoScene/Gridbox Prototype Materials/Resources/Textures/Prototype Grid/prototype_512x512_brown.png
  artifactKey: Guid(3c227d230cca14c42822692b6aff3459) Importer(2089858483,0ecaa5967403d082aa24f35e1b516d23)
Start importing Assets/ImportedAssets/ModularFirstPersonController/DemoScene/Gridbox Prototype Materials/Resources/Textures/Prototype Grid/prototype_512x512_brown.png using Guid(3c227d230cca14c42822692b6aff3459) Importer(2089858483,0ecaa5967403d082aa24f35e1b516d23) [PhysX] Initialized MultithreadedTaskDispatcher with 16 workers.
 -> (artifact id: '332086dc29e363082fff72fc7a7d2806') in 0.010109 seconds
Number of updated asset objects reloaded before import = 0
Number of asset objects unloaded after import = 1
========================================================================
Received Import Request.
  Time since last request: 0.000019 seconds.
  path: Assets/ImportedAssets/ModularFirstPersonController/DemoScene/Gridbox Prototype Materials/Resources/ProBuilder Data/Prototype Materials.asset
  artifactKey: Guid(bf95d34ab83b5ac40911f9e77a91a236) Importer(2089858483,0ecaa5967403d082aa24f35e1b516d23)
Start importing Assets/ImportedAssets/ModularFirstPersonController/DemoScene/Gridbox Prototype Materials/Resources/ProBuilder Data/Prototype Materials.asset using Guid(bf95d34ab83b5ac40911f9e77a91a236) Importer(2089858483,0ecaa5967403d082aa24f35e1b516d23) [PhysX] Initialized MultithreadedTaskDispatcher with 16 workers.
 -> (artifact id: '71b36c9765dd3c15510b0a59f45395a2') in 0.023075 seconds
Number of updated asset objects reloaded before import = 0
Number of asset objects unloaded after import = 1
========================================================================
Received Prepare
Refreshing native plugins compatible for Editor in 29.43 ms, found 4 plugins.
Preloading 0 native plugins for Editor in 0.00 ms.
Unloading 0 Unused Serialized files (Serialized files now loaded: 0)
Unloading 1 unused Assets / (0.9 KB). Loaded Objects now: 4452.
Memory consumption went from 76.9 MB to 76.9 MB.
Total: 34.080800 ms (FindLiveObjects: 0.809700 ms CreateObjectMapping: 0.545900 ms MarkObjects: 32.663500 ms  DeleteObjects: 0.059000 ms)

Prepare: number of updated asset objects reloaded= 0
AssetImportParameters requested are different than current active one (requested -> active):
  custom:container-demuxer-ogg: 62fdf1f143b41e24485cea50d1cbac27 -> 
  custom:video-codec-MediaFoundation-h265: 746d11721c4dcdbdad8f713fa42b33f4 -> 
  custom:video-decoder-ogg-theora: a1e56fd34408186e4bbccfd4996cb3dc -> 
  custom:framework-win-MediaFoundation: 216162199b28c13a410421893ffa2e32 -> 
  custom:CustomObjectIndexerAttribute: 9a22284fe3817be447336de3de66b15e -> 
  custom:container-demuxer-webm: 4f35f7cbe854078d1ac9338744f61a02 -> 
  custom:container-muxer-webm: aa71ff27fc2769a1b78a27578f13a17b -> 
  custom:video-decoder-webm-vp8: 9c59270c3fd7afecdb556c50c9e8de78 -> 
  custom:SearchIndexIgnoredProperties: e643bd26f0fe6173181afceb89e7c659 -> 
  custom:AudioImporter_EditorPlatform: d09bf68614088b80899f8185d706f6e7 -> 
  custom:video-encoder-webm-vp8: eb34c28f22e8b96e1ab97ce403110664 -> 
  custom:audio-decoder-ogg-vorbis: bf7c407c2cedff20999df2af8eb42d56 -> 
  custom:scripting/monoscript/fileName/SceneSwitcher.cs: 82650212eef756784afd1b30cb6bafc7 -> 
  custom:audio-encoder-webm-vorbis: bf7c407c2cedff20999df2af8eb42d56 -> 
  custom:scripting/precompiled-assembly-types:Assembly-CSharp: 8304422cd185ce6fbc6463721112e5c8 -> 89e4d1232902841028940258bee8100a
